call,line,w1,w2,w3,w4,w5,w6,w7,w8,w9,w10,w11,w12,w13,w14,w15,w16,w17,w18,w19,w20
1,1,zuresch,od,adaph,mal,ses,geno,au,,,,,,,,,,,,,
,2,marlan,o,muspa,agiod,pan,ga,ses,,,,,,,,,,,,,
,3,gampedaz,capcneh,go,od,semelabugen,domna,phiam,,,,,,,,,,,,,
,4,ga,vancran,vrepres,adepd,aze,druz,tardemah,,,,,,,,,,,,,
,5,va,cests,grapad,sed,unbar,domiol,adepoad,,,,,,,,,,,,,
,6,chevach,mah,osshe,daph,onizdar,pangephi,odamh,,,,,,,,,,,,,
,7,gemedsal,a,dinoza,hoxpor,adpun,dar,garmes,,,,,,,,,,,,,
,,,,,,,,,,,,,,,,,,,,,
2,1,ihehusch,gronhadoz,arden,o,na,gempalo,oicasman,,,,,,,,,,,,,
,2,vandres,orda,veveiah,nos,plignaphe,zamponon,aneph,,,,,,,,,,,,,
,3,ophed,a,medox,marune,gena,pres,no,,,,,,,,,,,,,
,4,dasmat,vorts,manget,a-deune,damph,naxt,os,,,,,,,,,,,,,
,5,vandemhnaxat,orophas,vor,minodal,amudas,ger,pa,,,,,,,,,,,,,
,6,o,daxzum,bances,ordan,pa,pres,umblosda,,,,,,,,,,,,,
,7,vorx,nadon,patrophes,undes,adon,ganebns,ihehudz,,,,,,,,,,,,,
,,,,,,,,,,,,,,,,,,,,,
3,1,palse,duxma,ge,na,dem,oh,elog,,,,,,,,,,,,,
,2,da,ved,ge,ma,fedes,o,ned,,,,,,,,,,,,,
,3,a,tha,lepah,nes,din,ihehudetha,dan,,,,,,,,,,,,,
,4,vangem,onphe,dabin,oh,nax,palse,ge,,,,,,,,,,,,,
,5,dah,maz,gem,fatesged,oh,mal,dan,,,,,,,,,,,,,
,6,gemph,naha,lax,vu,lutudah,ages,magel,,,,,,,,,,,,,
,7,osch,macom,adeph,a,dosch,ma,handa,,,,,,,,,,,,,
,,,,,,,,,,,,,,,,,,,,,
4,1,pah,o,mata,nax,lasco,vana,ar,,,,,,,,,,,,,
,2,von,zimah,la,de,de,pah,o,,,,,,,,,,,,,
,3,gram,nes,ca,pan,amphan,van,zebog,,,,,,,,,,,,,
,4,ahah,dauez,ol,ga,van,gredo,oha,,,,,,,,,,,,,
,5,ne,daph,aged,onedon,pan,le,ges,,,,,,,,,,,,,
,6,ma,gas,axa,nah,alpod,ne,alida,,,,,,,,,,,,,
,7,phar,or,ad,gemesad,argla,nado,oges,,,,,,,,,,,,,
,,,,,,,,,,,,,,,,,,,,,
5,1,mabeth,ar,mices,achaph,pax,mara,geduth,,,,,,,,,,,,,
,2,alides,orcanor,manch,arseth,olontax,ar,geban,,,,,,,,,,,,,
,3,vox,portex,ah,pamo,agematon,burise,ganport,,,,,,,,,,,,,
,4,vdrios,paseh,machel,len,arvin,zembuges,vox,,,,,,,,,,,,,
,5,mara,gons,ihehusch,dah,parsodan,maah,alsplan,,,,,,,,,,,,,
,6,donglses,adipr,aginot,archad,dons,a,dax,,,,,,,,,,,,,
,7,van,famlet,a,dex,arge,pa,gens,,,,,,,,,,,,,
,,,,,,,,,,,,,,,,,,,,,
6,1,van,danzan,oripat,es,vami,gest,ageff,,,,,,,,,,,,,
,2,ormatenodah,zalpala,doniton,pasdaes,ganpogan,vndanpel,adin,,,,,,,,,,,,,
,3,achaph,maradon,oxamax,anolphe,dan,ieh,voxad,,,,,,,,,,,,,
,4,mar,vox,ihedutharh,aggs,pal,med,lefe,,,,,,,,,,,,,
,5,ian,lefa,dox,parnix,o,droes,marsibleh,,,,,,,,,,,,,
,6,aho,dan,adeph,uloh,iads,ascleh,da,,,,,,,,,,,,,
,7,verox,ans,dalph,che,damph,lam,achos,,,,,,,,,,,,,
,,,,,,,,,,,,,,,,,,,,,
7,1,amidan,gah,lesco,van,gedon,amchih,ax,,,,,,,,,,,,,
,2,or,madol,cramsa,ne,da,vadgs,lesgamph,,,,,,,,,,,,,
,3,ar,mara,panosch,aschedh,or,samhamphors,asco,,,,,,,,,,,,,
,4,pascadabaah,asto,a,vdrios,archadas,ors,arni,,,,,,,,,,,,,
,5,pamphica,lan,gebed,druxarh,fres,adma,nah,,,,,,,,,,,,,
,6,pamphes,ea,vanglor,brisfog,mahad,no,poho,,,,,,,,,,,,,
,7,a,palgeh,donla,def,arehas,na,degel,,,,,,,,,,,,,
,,,,,,,,,,,,,,,,,,,,,
8,1,unaem,palugh,agan,drosad,ger,max,fa,,,,,,,,,,,,,
,2,lefe,pandas,mars,langed,vndes,mar,pachad,,,,,,,,,,,,,
,3,odidos,martibah,vdramah,noges,gar,lenges,argrasphe,,,,,,,,,,,,,
,4,drulthe,las,aseraphos,gamled,cam,led,caph,,,,,,,,,,,,,
,5,snicol,lumrad,v,ma,pa,granse,paphres,,,,,,,,,,,,,
,6,a,drimox,a,demphe,na,genile,o,,,,,,,,,,,,,
,7,danpha,na,ges,a,ne,gaph,a,,,,,,,,,,,,,
,,,,,,,,,,,,,,,,,,,,,
9,1,vlla,doh,aco,par,semna,gam,var,,,,,,,,,,,,,
,2,se,gar,on,dun,sebo,dax,se,,,,,,,,,,,,,
,3,pal,genso,vax,necra,par,sesqui,nat,,,,,,,,,,,,,
,4,axo,mat,sesqui,ax,olna,dam,var,,,,,,,,,,,,,
,5,gen,vox,nap,vax,vro,varca,cas,,,,,,,,,,,,,
,6,nol,vndat,vom,sangef,famsed,oh,sih,,,,,,,,,,,,,
,7,adra,gad,gesco,vansax,ora,gal,parsa,,,,,,,,,,,,,
,,,,,,,,,,,,,,,,,,,,,
10,1,varo,nab,vbrah,na,pa,uotol,ged,,,,,,,,,,,,,
,2,ade,pa,cem,na,dax,van,sebra,,,,,,,,,,,,,
,3,dah,oghe,aschin,o,nap,gem,phe,,,,,,,,,,,,,
,4,axo,or,noe,a,ve,da,pengon,,,,,,,,,,,,,
,5,a,moroh,ah,oha,aspah,niz,ab,,,,,,,,,,,,,
,6,vdrah,gohed,a,carmat,dan,faxmal,gamph,,,,,,,,,,,,,
,7,gamph,nacro,vax,asclad,caf,prac,cruscanse,,,,,,,,,,,,,
,,,,,,,,,,,,,,,,,,,,,
11,1,gam,ohe,gemph,ubrah-ax,orpna,nex-or,napo,,,,,,,,,,,,,
,2,gemlo,a,cheph,can,sedlo,pam-geman,ange,,,,,,,,,,,,,
,3,hanzu,alla,cappo-se,damo,gam-vas,oro-dax-va,ges-palo,,,,,,,,,,,,,
,4,pal,me,pola,gals-ange,no-tempa-ro,sama,dan,,,,,,,,,,,,,
,5,genze,axe,falod,amruh,acurtoh,saxx,par,,,,,,,,,,,,,
,6,mano,gan,vax,no,gramfa,gem,sadgla,,,,,,,,,,,,,
,7,loh,vrox,sappoh,iad,ah,oha,vnra,,,,,,,,,,,,,
,,,,,,,,,,,,,,,,,,,,,
12,1,se,gors,axol,ma,pa,a,oh,,,,,,,,,,,,,
,2,la,sabulan,caph,ardox,ampho,nad,vrnah,,,,,,,,,,,,,
,3,ud,ago,lam,vans,vxa,grad,orno,,,,,,,,,,,,,
,4,dax,palmes,ariss,dam,vnra,vansample,galse,,,,,,,,,,,,,
,5,not,xablis,ophide,alla,loh,gaslah,osson,,,,,,,,,,,,,
,6,luze,adao,max,vanget,or,damo,ans,,,,,,,,,,,,,
,7,leos,dasch,leoha,dan,se,glaspa,neh,,,,,,,,,,,,,
,,,,,,,,,,,,,,,,,,,,,
13,1,ampri,apx,ard,ardo,arga,arges,argah,,,,,,,,,,,,,
,2,ax,osch,nedo,les,icas,han,andan,,,,,,,,,,,,,
,3,von,ga,lax,man,nosch,dongo,a,,,,,,,,,,,,,
,4,yntar,cey,lude,asch,urise,alpe,gem,,,,,,,,,,,,,
,5,var,dancet,nap,alped,ursbe,temps,a,,,,,,,,,,,,,
,6,vod,mos,gema,o,ulon,mancepax,oxne,,,,,,,,,,,,,
,7,pricos,a,got,zalpa,ne,doxam,orne,,,,,,,,,,,,,
,,,,,,,,,,,,,,,,,,,,,
14,1,admag,apa,asco,tar,gans,oarz,am,,,,,,,,,,,,,
,2,seph,selqui,quisben,alman,gons,sa,ieh,,,,,,,,,,,,,
,3,marsibleh,gron,ascabb,gamat,ney,aden,vdan,,,,,,,,,,,,,
,4,phand,sempes,nar,narran,al,cano,geme,,,,,,,,,,,,,
,5,danse,alde,notes,parcelah,arb,ner,ga,,,,,,,,,,,,,
,6,lum,pancu,priscas,abra,musce,an,nox,,,,,,,,,,,,,
,7,napod,a,on,dan,sem,ges,asche,,,,,,,,,,,,,
,,,,,,,,,,,,,,,,,,,,,
15,1,mica,surascha,para,te,gemmes,adrios,na,,,,,,,,,,,,,
,2,danos,vra,lad,pacad,ur,gesme,crus,,,,,,,,,,,,,
,3,a,prasep,ed,a,palse,nax,varno,,,,,,,,,,,,,
,4,zum,zancu,asdom,baged,vrmigar,orch,phaphes,,,,,,,,,,,,,
,5,ustra,mox,affod,masco,gax,camles,vnsenba,,,,,,,,,,,,,
,6,a,oh,la,gras,par,quas,consaqual,,,,,,,,,,,,,
,7,lat,gemdax,tantat,ba,vod,talpah,iam,,,,,,,,,,,,,
,,,,,,,,,,,,,,,,,,,,,
16,1,gesco,a,taffom,ges,nat,gam,pamphe,,,,,,,,,,,,,
,2,ordaquaf,cesto,chidmap,mischna,iaisg,iaialphzudph,a,,,,,,,,,,,,,
,3,dancet,vnban,caf,ranssembloh,dafma,vp,aschem,,,,,,,,,,,,,
,4,graos,chramsa,asco,dah,vimna,gen,alde,,,,,,,,,,,,,
,5,os,papeam,och,lauan,vnad,oh,drogad,,,,,,,,,,,,,
,6,udrios,nagel,panzo,ab,sescu,vorge,afcal,,,,,,,,,,,,,
,7,vslaffda,morsab,gaf,ham,de,peleh,asca,,,,,,,,,,,,,
,,,,,,,,,,,,,,,,,,,,,
17,1,artosa,geme,oh,galsagen,axa,loph,gebed,,,,,,,,,,,,,
,2,adop,zarcas,vr,vanta,pas,amphe,node,,,,,,,,,,,,,
,3,alpan,nocas,se,ga,ormacased,lax,naph,,,,,,,,,,,,,
,4,talpt,pamphicas,sandam,voscmeh,iodh,asclad,ar,,,,,,,,,,,,,
,5,phan,gas,malse,a,quaz,nam,vngem,,,,,,,,,,,,,
,6,vamsel,gembugel,a,gembusez,a,ro,tehl,,,,,,,,,,,,,
,7,alta,murt,valtab,baiffa,faxed,ar,chlysod,,,,,,,,,,,,,
,,,,,,,,,,,,,,,,,,,,,
18,1,a,tam,mat,glun,asdeh,ahlud,gadre,,,,,,,,,,,,,
,2,fam,shing,la,dan,guinse,life,arilsar,,,,,,,,,,,,,
,3,zabulan,cheuach,se,amph,lesche,andam,var,,,,,,,,,,,,,
,4,ges,ar,phex,are,na,tax,pachel,,,,,,,,,,,,,
,5,lapidox,ar,da,vax,malcos,vna,gra,,,,,,,,,,,,,
,6,tassox,varmara,ud,ga,les,vns,ap,,,,,,,,,,,,,
,7,se,ne,da,ox,lat,ges,ar,,,,,,,,,,,,,
,,,,,,,,,,,,,,,,,,,,,
19,1,asmo,dahan,pan,casme,co,caph,al,,,,,,,,,,,,,
,2,oh,san,ged,a,bansaa,vn,adon,,,,,,,,,,,,,
,3,a,seb,ian,aglaho,danfa,zuna,cap,,,,,,,,,,,,,
,4,orcha,dah,os,famsah,on,naab,ab,,,,,,,,,,,,,
,5,nagah,geha,fastod,hansey,om,hauan,lagra,,,,,,,,,,,,,
,6,gem,gas,mal,parcog,dax,nedo,va,,,,,,,,,,,,,
,7,geda,leb,arua,ne,cap,sem,carvan,,,,,,,,,,,,,
,,,,,,,,,,,,,,,,,,,,,
20,1,onsem,gelholdim,geb,abnih,ian,oxpha,bas,,,,,,,,,,,,,
,2,cappo,cars,ordriph,grip,gars,of,vindres,,,,,,,,,,,,,
,3,nah,ges,pahado,vllonooh,can,vaz,a,,,,,,,,,,,,,
,4,fam,gisril,ag,nohol,sep,gerba,dot,,,,,,,,,,,,,
,5,vanca,na,sem,ah,pa,nex,ar-pah,,,,,,,,,,,,,
,6,lad,vamo,iar,seque,vad,ro,garb,,,,,,,,,,,,,
,7,ah,sem,dan,van,ged,ah,paleu,,,,,,,,,,,,,
,,,,,,,,,,,,,,,,,,,,,
21,1,padoho,magebs,galpz,arps,apa,nal,si,,,,,,,,,,,,,
,2,gamvagad,al,podma,gans,na,vr,cas,,,,,,,,,,,,,
,3,natmaz,andiglo,armvu,zantclumbar,ar,naxocharmah,sapoh,,,,,,,,,,,,,
,4,lan,gamnox,vxala,vors,sabse,cap,vax,,,,,,,,,,,,,
,5,mar,vinco,labandaho,nas,gampbox,arce,dah,,,,,,,,,,,,,
,6,gorhahalpstd,gascampho,lan,ge,befes,argedco,nax,,,,,,,,,,,,,
,7,arzulgh-orh,semhaham,vncal,laf,garp,oxox,loangah,,,,,,,,,,,,,
,,,,,,,,,,,,,,,,,,,,,
22,1,ors-lah,gemph,nahaoh,ama-natoph,des,garhul,vanseph,,,,,,,,,,,,,
,2,iuma,lat,gedos-lubah,aha,last,gesto,vars,,,,,,,,,,,,,
,3,macom,des,curad,vals-mors,gaph,gemsed,pa,,,,,,,,,,,,,
,4,campha,zednu,abfada,mases,lofgono,luruandah,lesog,,,,,,,,,,,,,
,5,iamle,padel,arphe,nades,gulsad,maf,gescon,,,,,,,,,,,,,
,6,lampharsad,surem-paphe-arbasa,arzusen,agade,gehol,max,vrdra,,,,,,,,,,,,,
,7,paf,gals,macrom,finistab,gelsaphan,asten,vrnah,,,,,,,,,,,,,
,,,,,,,,,,,,,,,,,,,,,
23,1,asch,val,lamles,arcasa,arcasan,arcusma,iabso,,,,,,,,,,,,,
,2,gliden,paha,parcadura,gebne,oscara,gadne,au,,,,,,,,,,,,,
,3,arua,las,genost,casme,palsi,uran,vad,,,,,,,,,,,,,
,4,gadeth,axam,pambo,casmala,samnefa,gardomas,arxad,,,,,,,,,,,,,
,5,pamses,gemulch,gapes,lof,lachef,astma,vates,,,,,,,,,,,,,
,6,garnsnas,orue,gad,garmah,sarquel,rusan,gages,,,,,,,,,,,,,
,7,drusala,phimacar,aldech,oscom,lat,garset,panoston,,,,,,,,,,,,,
,,,,,,,,,,,,,,,,,,,,,
24,1,gude,laz,miz,labac,vsca,losd,pa,,,,,,,,,,,,,
,2,copad,dem,sebas,gad,vancro,umas,ges,,,,,,,,,,,,,
,3,umas,umas,ges,gabre,umas,umascala,umphazes,,,,,,,,,,,,,
,4,umphagam,maaga,mosel,iahal,loges,vapron,fense,,,,,,,,,,,,,
,5,dapax,orgen,lascad,ia,lascoda,vaga,am,,,,,,,,,,,,,
,6,lascafes,iarques,preso,tamisel,vnsnapha,ia-dron,goscam,,,,,,,,,,,,,
,7,lape,voxa,chimlah,aueaux,losge,auioxan,largemah,,,,,,,,,,,,,
,,,,,,,,,,,,,,,,,,,,,
25,1,zureth,axad,lomah,ied,gura,vancrasma,ied,,,,,,,,,,,,,
,2,sesch,lapod,vonse,avo,ave,lamsage,zimah,,,,,,,,,,,,,
,3,zemah,zumacah,vormex,artman,voz,vozcha,tolcas,,,,,,,,,,,,,
,4,zapne,zarvex,zorquem,allahah,giburod,ampatraton,zinegauna,,,,,,,,,,,,,
,5,zonze,zamca,aschma,vlpa,tapa,van,vorxvam,,,,,,,,,,,,,
,6,drusad,caph,castarago,grumna,cancaphes,absacancaphes,zumbala,,,,,,,,,,,,,
,7,teuort,granx,zumcot,lu,graf,saxma,cape,,,,,,,,,,,,,
,,,,,,,,,,,,,,,,,,,,,
26,1,col,age,lam,gem,fam,tepham,vra,,,,,,,,,,,,,
,2,ap,du,ca,sampat,voxham,lunzapha,azquem,,,,,,,,,,,,,
,3,bobagelzod,gaphemse,lunse,agni,cam,setquo,teth,,,,,,,,,,,,,
,4,gaphad,oxamarah,gimnephad,voxcanah,vrn,dage,paphcod,,,,,,,,,,,,,
,5,zambuges,zambe,ach,oh,zambuges,gasca,lunpel,,,,,,,,,,,,,
,6,zadphe,zomephol,zun,zadchal,ureseh,varun,pachadah,,,,,,,,,,,,,
,7,gusels,vx,amna,pa,gramia,oh,vz,,,,,,,,,,,,,
,,,,,,,,,,,,,,,,,,,,,
27,1,atra,cas,carmax,pabamsed,gero,adol,macom,,,,,,,,,,,,,
,2,vaxt,gestes,laduch,carse,amages,dascal,panselcgen,,,,,,,,,,,,,
,3,dursca,zureoch,pamcasah,vsca,huadrongunda,malue,ior,,,,,,,,,,,,,
,4,gascama,af,orthox,van,corhg,aspe,zubra,,,,,,,,,,,,,
,5,vaacaah,gandeua,arinmaphel,vax,oh,saoh,abra,,,,,,,,,,,,,
,6,iehudeh,gamphe,vndaxa,casmat,lafet,vncas,laphet,,,,,,,,,,,,,
,7,vanascor,torx,glust,hahaha,ensede,gumah,galseds,,,,,,,,,,,,,
,,,,,,,,,,,,,,,,,,,,,
28,1,pacadpha,palze,zuma,carphah,uzad,capaden,vlsage,,,,,,,,,,,,,
,2,excol,phag,martbh,iasmadel,voscon,sem,abernda,,,,,,,,,,,,,
,3,tohcoth,iamphala,pahath,orcheth,iesmog,pasque,labaah,,,,,,,,,,,,,
,4,agas,lada,vng,lasco,ied,ampha,leda,,,,,,,,,,,,,
,5,pageh,gemze,axax,ozed,caphzed,campha,voxal,,,,,,,,,,,,,
,6,luthed,gedan,famech,artsnad,gathad,zuresch,pascha,,,,,,,,,,,,,
,7,lo,guma,halphe,dax,vancron,patel,zurad,,,,,,,,,,,,,
,,,,,,,,,,,,,,,,,,,,,
29,1,canda,lahad,bobagen,afna,vorzed,phadel,nobtdambth,,,,,,,,,,,,,
,2,gascala,axad,vanges,vodoth,mured,achna,adcel,,,,,,,,,,,,,
,3,damath,zesvamcul,pacadaah,zimles,zoraston,geh,galze,,,,,,,,,,,,,
,4,mazad,pathel,cusma,ipahes,hurascah,orphade,loscad,,,,,,,,,,,,,
,5,mages,mat,lumfamge,detchel,orze,camalah,vndan,,,,,,,,,,,,,
,6,padgze,pathmataph,zumad,lephada,ohaax,vlschan,zembloh,,,,,,,,,,,,,
,7,agne,phamgah,iudad,capex,luzad,vehech,arse,,,,,,,,,,,,,
,,,,,,,,,,,,,,,,,,,,,
30,1,onda,gams,luzgaph,vxan,genzed,padex,congamphlgh,,,,,,,,,,,,,
,2,ascath,gadpham,zurdah,zamge,gloghcha,sapax,tastel,,,,,,,,,,,,,
,3,vnsada,phatheth,zuncapha,oxamachad,semteph,ascle,zuncas,,,,,,,,,,,,,
,4,magzed,dulm,pamfra,husage,axad,exoradad,casmet,,,,,,,,,,,,,
,5,amphigel,adcath,luza,pathem,necotheth,gesch,labba,,,,,,,,,,,,,
,6,doh,doxa,vascheth,hoxan,lamesde,lampha,iodoch,,,,,,,,,,,,,
,7,gonzah,hamges,glutha,oxmogel,demapha,vzed,ascraph,,,,,,,,,,,,,
,,,,,,,,,,,,,,,,,,,,,
31,1,zudath,chadgama,omsage,hor,gadsa,gezes,orphamzamnahe,,,,,,,,,,,,,
,2,gedod,asphed,voxa,gemgah,lath,gaphes,zembloth,,,,,,,,,,,,,
,3,chasca,olphe,dax,marpha,lo,the,sool,,,,,,,,,,,,,
,4,separ,marges,bosqui,laxa,cosneth,gonse,dadg,,,,,,,,,,,,,
,5,voxma,vmage,vnx,gascheth,lood,adma,loo,,,,,,,,,,,,,
,6,ga,zem,cha,na,phe,am,na,,,,,,,,,,,,,
,7,la,ia,pacheth,nox,da,a,mah,,,,,,,,,,,,,
,,,,,,,,,,,,,,,,,,,,,
32,a,gedox,al,sem,ga,na,da,bah,,,,,,,,,,,,,
,b,ongagageda,phachel,loodath,haxna,gu,na,pa,ge,pha,,,,,,,,,,,
,c,al,se,geda,oh,ooda,gehoph,pachad,enol,adax,loges,,,,,,,,,,
,d,famgah,laxqui,hasche,vadol,vomsana,gax,ma,deph,na,zad,,,,,,,,,,
,e,gel,panca,vam,sesquin,oxal,genoph,voodal,umadabah,,,,,,,,,,,,
,,,,,,,,,,,,,,,,,,,,,
33,a,asge,lun,zumia,paxchadma,enohol,duran,,,,,,,,,,,,,,
,b,orchlodmaphag,mages,oschan,lod,bunda,cap,,,,,,,,,,,,,,
,c,luzan,lorpha,leuandah,orxzed,famzad,genosodath,,,,,,,,,,,,,,
,d,phaselma,gesda,chom,gas,naph,geth,nag,goth,ladmano,,,,,,,,,,,
,e,vmvar,gezen,vax,gulzad,margas,luxt,lapeh,,,,,,,,,,,,,
,f,iudath,zomze,van,goth,dah,vorx,guna,ia,ada,,,,,,,,,,,
,g,vox,hamana,,,,,,,,,,,,,,,,,,
,,,,,,,,,,,,,,,,,,,,,
34,a,arze,galsam,vnza,vcha,pasel,noxda,,,,,,,,,,,,,,
,b,nobroschom,gunadephogas,dunseph,,,,,,,,,,,,,,,,,
,c,man,cax,mal,cas,mah,ied,hah,mel,car,ha,zemphe,vncah,,,,,,,,
,d,lethoph,both,ned,ga,phi,cas,mel,ioth,hath,cha,sad,,,,,,,,,
,e,ma,ne,ded,ma,gon,zuna,gothel,pascheph,nodax,,,,,,,,,,,
,f,vam,phath,mata,,,,,,,,,,,,,,,,,
,,,,,,,,,,,,,,,,,,,,,
35,a,aphath,zunca,voxmor,can,zadcheth,napha,,,,,,,,,,,,,,
,b,vordomphanches,gauesgosadel,gurah,leth,,,,,,,,,,,,,,,,
,c,agsnah,orza,max,pace,ieth,cas,lad,fam,pahogama,,,,,,,,,,,
,d,zon,chas,pha,ma,zum,bles,cha,phax,var,gat,ma,gas,ter,,,,,,,
,e,ne,ho,gat,ma,gan,vn,ga,phax,ma,la,gegath,,,,,,,,,
,f,laxqu,goga,lab,naches,,,,,,,,,,,,,,,,
,,,,,,,,,,,,,,,,,,,,,
36,a,gedothar,argo,fa,adophanah,gamsech,olneh,varasah,,,,,,,,,,,,,
,b,iusmach,,,,,,,,,,,,,,,,,,,
,c,vschna,phaol,doa,vah,oho,lazed,la,zu,red,amma,,,,,,,,,,
,d,donax,valesto,acaph,lamphages,ronox,genma,iudreth,,,,,,,,,,,,,
,e,loth,adagma,gonsaph,godalga,phareph,iadsma,zema,,,,,,,,,,,,,
,f,loa,agnaphagon,zunaha,al,me,ionaphacas,zed,ox,arni,,,,,,,,,,,
,,,,,,,,,,,,,,,,,,,,,
37,a,adgzelga,olms,vanaph,osma,vages,otholl,dox,an,ga,had,,,,,,,,,,
,b,laqui,donaphe,zu,gar,phamah,nordeph,gasmat,,,,,,,,,,,,,
,c,gasque,gas,na,gasmaphes,gasmagel,,,,,,,,,,,,,,,
,d,gasnunabe,vamsech,absechel,gulapha,axnecho,,,,,,,,,,,,,,,
,e,demsa,pambochaph,iehusa,gadaamah,nosad,,,,,,,,,,,,,,,
,f,iures,chy,almse,orsa,vax,marde,zun,effa,,,,,,,,,,,,
,g,mochoeffa,zureheffa,asga,lubeth,bethlemcha,maxiche,,,,,,,,,,,,,,
,h,iehuscoth,iaphan,ornada,vamne,od,ghim,noh,,,,,,,,,,,,,
,,,,,,,,,,,,,,,,,,,,,
38,a,arphe,lamse,gaphnedg,argaph,zonze,zumcoth,,,,,,,,,,,,,,
,b,omdopadaphaab,nulech,gaartha,ancaphama,soldemcah,,,,,,,,,,,,,,,
,c,casdra,vges,lapha,ludasphando,galubanoh,apachana,,,,,,,,,,,,,,
,d,iedeph,zembloh,zamgysel,cheuacha,laquet,lozodma,,,,,,,,,,,,,,
,e,ierinth,onaph,uzad,maspela,gyman,orphammagah,,,,,,,,,,,,,,
,f,iumesbalego,archanphame,zamcheth,zoach,,,,,,,,,,,,,,,,
,,,,,,,,,,,,,,,,,,,,,
39,a,amchana,zeuoth,luthamba,ganeph,iamda,ox,oho,iephad,,,,,,,,,,,,
,b,made,noxa,voscaph,bamgephes,noschol,apeth,iale,,,,,,,,,,,,,
,c,lod,ga,na,zuma,datques,vorzad,numech,,,,,,,,,,,,,
,d,apheth,nudach,caseth,iotha,lax,arseth,,,,,,,,,,,,,,
,e,armi,pli,ca,tar,bam,a,co,zamgeph,gaseth,vrnod,,,,,,,,,,
,f,arispa,iex,han,setha,oh,lagnaph,dothoth,brazed,,,,,,,,,,,,
,g,vamchach,odoamaah,zembles,gunza,naspolge,gathme,,,,,,,,,,,,,,
,h,orsoth,zurath,vameth,anseh,,,,,,,,,,,,,,,,
,,,,,,,,,,,,,,,,,,,,,
40,a,zalpe,iedmacha,amphas,nethoth,alphax ,durah,,,,,,,,,,,,,,
,b,gethos,ascheph,nethoth,iubad,laxmah,ionsa,max,,,,,,,,,,,,,
,c,dan,do,nasdoga,matastos,lateth,vnchas,amse,,,,,,,,,,,,,
,d,iacaph,zembloagauh,ad,pha,ma,gel,lud,cha,dan,sa,,,,,,,,,,
,e,amphicatol,arnopaa,adapagemoh,nodasma,,,,,,,,,,,,,,,,
,f,machestepholon,,,,,,,,,,,,,,,,,,,
,,,,,,,,,,,,,,,,,,,,,
41,a,lumbor,iemasch,onzed,gamphidarah,go,mas,cha,pa,,,,,,,,,,,,
,b,zeba,zun,amph,naho,zucath,uomplinanohahal,machal,,,,,,,,,,,,,
,c,lozma,dauangeth,buches,lauax,orxod,maches,,,,,,,,,,,,,,
,d,donchaph,luzath,marpheth,oz,lanva,don,gauah,oschol,,,,,,,,,,,,
,e,lumasa,phedeph,omsa,nax,domagere,angenophacha,,,,,,,,,,,,,,
,f,phachadona,,,,,,,,,,,,,,,,,,,
,,,,,,,,,,,,,,,,,,,,,
42,a,oschala,zamges,onpha,gemes,phaches,nolph,,,,,,,,,,,,,,
,b,daxeth,machesmachoh,vastnalpoh,gemas,nach,,,,,,,,,,,,,,,
,c,loscheph,daphmech,noth,chales,zunech,maschol,,,,,,,,,,,,,,
,d,lu,gasnaph,malces,gethcaph,madena,oah,,,,,,,,,,,,,,
,e,gemsah,pa,luseth,iorbastamax,elcaph,rusam,,,,,,,,,,,,,,
,f,phanes,domsath,gel,pachadora,amaxchano,,,,,,,,,,,,,,,
,g,lumageno,armachaphamelon,adro,micho,,,,,,,,,,,,,,,,
,h,natath,iamesebachola,donadocha,,,,,,,,,,,,,,,,,
,,,,,,,,,,,,,,,,,,,,,
43,a,asmar,gehotha,galseph,aschandas,vnascor,satquama,,,,,,,,,,,,,,
,b,latquataf,hun,ganses,luximagelo,asquapa,lochath,,,,,,,,,,,,,,
,c,anses,dosam,vathne,galsador,ansech,godamah,,,,,,,,,,,,,,
,d,vonsepalescoh,admacah,lu,zampha,oh,adma,,,,,,,,,,,,,,
,e,zemblodarma,varmiga,zuna,thotob,amphichanosa,,,,,,,,,,,,,,,
,f,gemichanadabah,vademado,vaselapagedo,,,,,,,,,,,,,,,,,
,,,,,,,,,,,,,,,,,,,,,
44,a,amascabalonocha,anodah,aduradamah,gonadephageno,,,,,,,,,,,,,,,,
,b,vnachapesmacho,geminadochapamica,vuamsapalage,,,,,,,,,,,,,,,,,
,c,vocorthmoth,achepasmacapha,emcanidobah,gedoah,,,,,,,,,,,,,,,,
,,,,,,,,,,,,,,,,,,,,,
45,a,nostoah,geuamna,da,oscha,lus,palpal,medna,,,,,,,,,,,,,
,b,gorumbalogeph,acapnapadapha,volsema,gonogedocha,,,,,,,,,,,,,,,,
,c,ambusabaloh,gemusacha,vamihopha,zumnegadaphagepha,,,,,,,,,,,,,,,,
,d,iurehoh,,,,,,,,,,,,,,,,,,,
,,,,,,,,,,,,,,,,,,,,,
46,a,zemnoda,amni,fa,chebseth,vsangrada,bosadoma,,,,,,,,,,,,,,
,b,zumacoh,aphinabacha,buzadbazu,amachapadomicha,,,,,,,,,,,,,,,,
,c,zumanepasso,na,vuamanabadoth,,,,,,,,,,,,,,,,,
,d,zumblegampha,zumblecaphamacha,,,,,,,,,,,,,,,,,,
,,,,,,,,,,,,,,,,,,,,,
47,a,zudneph,arni,ioh,pan,zedco,laniga,nahad,,,,,,,,,,,,,
,b,lebale,nochas,arni,cans,losmo,iana,olna,dax,,,,,,,,,,,,
,c,zemblocha,zedman,pusatha,vama,mah,oxex,parzu,,,,,,,,,,,,,
,d,drana,anza,pasel,lumah,coxech,adamax,gonboh,,,,,,,,,,,,,
,e,alze,dah,lusache,asneph,gedma,noxdruma,,,,,,,,,,,,,,
,f,vamcaphnapham,astichel,ratrugem,abnath,lonsas,,,,,,,,,,,,,,,
,g,masqueth,tauinar,tadna,gehodod,gaphramsana,,,,,,,,,,,,,,,
,h,asclor,drusaxpa,,,,,,,,,,,,,,,,,,
,,,,,,,,,,,,,,,,,,,,,
48,a,amgedpha,lazad,ampha,ladmaachel,galdamichael,,,,,,,,,,,,,,,
,b,vnza,dedma,luz,zaceph,pilathob,gano,,,,,,,,,,,,,,
,c,vama,zunasch,zemblagen,onman,zuth,catas,,,,,,,,,,,,,,
,d,max,ordru,iadse,lamad,caphicha,aschal,,,,,,,,,,,,,,
,e,luz,ampna,zodminada,excaphanog,salgemphane,,,,,,,,,,,,,,,
,f,om,vrza,lat,quartphe,lasque,urad,,,,,,,,,,,,,,
,g,oxmana,gamges,,,,,,,,,,,,,,,,,,
,,,,,,,,,,,,,,,,,,,,,
49,a,arney,vah,nol,gadeth,adney,ox,vals,nath,gemseh,ah,,,,,,,,,,
,b,orza,val,gemah,oh,gedva,on,zembah,nohhad,vomfah,,,,,,,,,,,
,c,olden,ampha,nols,admacha,nonsah,vamfas,ornad,,,,,,,,,,,,,
,d,alphol,andax,orzadah,vos,ansoh,hanzah,voh,,,,,,,,,,,,,
,e,adma,ioha,notma,goth,vamsed,adges,onseple,ondemax,,,,,,,,,,,,
,f,orzan,vnfa,onmah,vndabra,gonsah,gols,nahad,na,,,,,,,,,,,,
,,,,,,,,,,,,,,,,,,,,,
1,a,oxar,varmol,pan,sampas,os,al,pans,orney,andsu,,,,,,,,,,,
,b,alsaph,oucha,cosdam,onzagoles,natmatatp,max,olnah,,,,,,,,,,,,,
,c,von,ganse,pacath,olnoh,vor,nasquah,loth,adnay,,,,,,,,,,,,
,d,nonsah,oxansah,vals,nodax,vonqueth,lan,sandquat,,,,,,,,,,,,,
,e,ox,ardanh,onzabel,ormach,douquin,astmax,,,,,,,,,,,,,,
,f,arpagels,ontipodah,omvah,nosch,als,mantquts,,,,,,,,,,,,,,
,g,armad,notgals,vantantquah,,,,,,,,,,,,,,,,,
,,,,,,,,,,,,,,,,,,,,,
2,a,ondroh,als,vrh,panchah,orn,sandvah,loh,andah ,nol,,,,,,,,,,,
,b,pan,sedmah,zugeh,als,abmicadampaget,ordomph,,,,,,,,,,,,,,
,c,axah,gethol,vav,axel,anthath,gorsan,vax,parsah,,,,,,,,,,,,
,d,vort,lanq,andamsah,getheol,vrchan,navadah,,,,,,,,,,,,,,
,e,oxembles,armax,lothar,vos,antath,orse,vax,,,,,,,,,,,,,
,f,alnoth,other,mals,olnah,gethom,vardamach,alls,,,,,,,,,,,,,
,g,orgeth,,,,,,,,,,,,,,,,,,,
,,,,,,,,,,,,,,,,,,,,,
3,a,or,pasquah,omzadah,vorts,angenodah,varsaua,,,,,,,,,,,,,,
,b,onch,aldumph,anget,onsaual,galta,oth,aneth,ax,pa,,,,,,,,,,,
,c,gesne,ouad,ax,orneh,aldumbages,voscomph,alze,ax,,,,,,,,,,,,
,d,orzad,andah,gost,astoh,nadah,vortes,astmah,notesma,,,,,,,,,,,,
,e,goth,nathad,omza,geth,alteth,ox,degath,onda,voxa,,,,,,,,,,,
,f,gemnache,adna,dansa,als,alst,,,,,,,,,,,,,,,
,,,,,,,,,,,,,,,,,,,,,
4,a,arsah,orthath,ols,gast,ardoh,max,varmah,doth,novamq,,,,,,,,,,,
,b,lath,adnab,gothan,ardrinoh,astomagel,arpaget,asteth,,,,,,,,,,,,,
,c,arde,obza,ols,na,gemnapalabamida,orsat,nahah,,,,,,,,,,,,,
,d,odmazen,andulphel,ox,ambrassah,oxah,geth,nor,vamfah,,,,,,,,,,,,
,e,genoh,daqueth,als,astna,oh,tatoh,alsah,goth,necor,andeoh,,,,,,,,,,
,f,neo,alda,nah,,,,,,,,,,,,,,,,,
,,,,,,,,,,,,,,,,,,,,,
5,a,vanlah,oha,demagens,on,sunfah,paphah,olemneh,ozadcha,,,,,,,,,,,,
,b,lax,ornah,vor,adme,ox,vastmah,gu,labazna,gamnach,,,,,,,,,,,
,c,asthmah,ochado,landridah,vons,sah,lugho,iahat,nabscham,,,,,,,,,,,,
,d,nohads,vandispa,rossamod,androch,alphoh,zumbloh,asnah,,,,,,,,,,,,,
,e,gonfageph,aldeh,lo,dah,vax,orh,asmo,gad,au,dansequa,,,,,,,,,,
,f,deo,dath,vax,nograh,vor,segbat,mon,,,,,,,,,,,,,
,,,,,,,,,,,,,,,,,,,,,
6,a,arni,olbah,galpa,lohanaha,gaupumagensah,osso,var,se,darsah,,,,,,,,,,,
,b,goho,albumiclamacapaloth,ieho,nad,veslah,vors,ardno,,,,,,,,,,,,,
,c,inmony,asquam,rath,als,vasmah,genda,loggahah,astmu,,,,,,,,,,,,
,,,,,,,,,,,,,,,,,,,,,
7,a,arnah,notah,lax,vart,luhoh,desmaph,ol,capraminacah,,,,,,,,,,,,
,b,oxandanvah,gemneloriplitonpha,accamplahnostapha,,,,,,,,,,,,,,,,,
,c,ormaxadahahar,orzemblizadmah,panchefelogedoh,,,,,,,,,,,,,,,,,
,d,aschah,olmah,ledoh,vaxma,,,,,,,,,,,,,,,,
,,,,,,,,,,,,,,,,,,,,,
8,a,gans,na,cap,lan,seda,ax,nor,vorza,vo,laspral,onsa,gem,,,,,,,,
,b,gemah,noph,gazo,na,von,santfa,nostradg,ansel,vnsa,pah,,,,,,,,,,
,c,vort,velsa,or,alda,viax,nor,adroh,semneh,ols,vandesqual,,,,,,,,,,
,d,olzah,nolpax,pahah,lothor,ax,ru,vansar,glimnaph,gath,,,,,,,,,,,
,e,ardot,ardri,axa,noh,gaga,leth,arde,maxa,,,,,,,,,,,,
,,,,,,,,,,,,,,,,,,,,,
9,a,corsal,mabah,noplich,alps,arsod,vord,vanfax,oriox,,,,,,,,,,,,
,b,nabat,gemnepoh,laphet,ioda,nat,vombal,nams,ar,,,,,,,,,,,,
,c,geth,alloah,nephirt,lauda,noxa,voxtaf,ardno,,,,,,,,,,,,,
,d,androch,labmageh,ossu,allmaglo,ardot,nalbar,vanse,,,,,,,,,,,,,
,e,dar,to,vorts,parsan,vr,vnrah,vor,gadeth,leth,orze,,,,,,,,,,
,f,nax,vomreh,agelpha,legar,or,nembla,ar,va,su,,,,,,,,,,,
,,,,,,,,,,,,,,,,,,,,,
10,a,zanchumachaseph,olzaminoah,valseburaah,nodaliganax,,,,,,,,,,,,,,,,
,b,orsapnago,darsagnapha,nobsiblith,armipyth,,,,,,,,,,,,,,,,
,c,arsepolonitantons,,,,,,,,,,,,,,,,,,,
,d,iembulsamar,leboge,axpar,ornaza,oldaxardacoah,,,,,,,,,,,,,,,
,,,,,,,,,,,,,,,,,,,,,
11,a,semno,ah,al,chi,do,a,cha,da,selpaginodah,adahubamicanoh,,,,,,,,,,
,b,dam,pha,gli,as,cha,nor,oxompaminapho,lemp,na,gon,sa,pha,,,,,,,,
,c,ne,co,al,pha,as,pa,ge,mo,cal,na,tu,ra,ge,,,,,,,
,,,,,,,,,,,,,,,,,,,,,
12,a,sen,gal,se,quar,rus,fa,glan,sux,taft,ormaca,,,,,,,,,,
,b,ox,i ,no,dal,ge,brah,nop,tar,na,gel,vom,na,ches,pal,ma,cax,,,,
,c,arsep,as,don,sadg,asc,lan,fan,che,dah,nor,vi,car,max,coh,,,,,,
,d,zum,bla,zanpha,ad,geh,do,ca,ba,ah,,,,,,,,,,,
,,,,,,,,,,,,,,,,,,,,,
13,a,ar,gem,na,ca,pal,fax,or,nido,hab,cas,pigan,alpuh,,,,,,,,
,b,gagah,loth,ral,sa,bra,dan,go,sa,pax,volsan,ques,tan,,,,,,,,
,c,ondapha,opicab,or,zy,la,pa,achrapa,males,,,,,,,,,,,,
,d,ad,ma,car,pah,oxalps,on,da,pa,gem,ha,de,vor,guse,,,,,,,
,,,,,,,,,,,,,,,,,,,,,
14,a,lat,gans,sa,par,sat,lasteah,lor,adah,noxax,ardephis,,,,,,,,,,
,b,nonson,andoh,gvmzi,vor,sab,liboh,ad,ni,sa,pa,loth,gaho,lar,,,,,,,
,c,va,noxa,oho,lan,sempah,noxa,vriah,sephah,lusaz,,,,,,,,,,,
,d,odgalsax,nottaph,ax,vrnoc,arpos,arta,zem,zubah,,,,,,,,,,,,
,e,lothor,gas,lubah,vom,za,da,phi,car,no,,,,,,,,,,,
,,,,,,,,,,,,,,,,,,,,,
15,a,alsotaphe,ondah,vor,ban,sanphar,pa,loth,agno,iam,,,,,,,,,,,
,b,nesorh,am,algors,vrrabah,geuseh,alde,ox,nah,vors,,,,,,,,,,,
,c,purblox,amphicab,nostrohh,admag,or,napsu,asmo,lon,,,,,,,,,,,,
,d,gamphi,arbel,nof,amphi,on,saubloth,aschi,nur,laffax,,,,,,,,,,,
,e,las,doxa,pra,gem,a,sestrox,amphi,nax,var,sembbh,,,,,,,,,,
,,,,,,,,,,,,,,,,,,,,,
16,a,angesel,oxapacad,onz,adq,ochadah,olzah,vor,nah,,,,,,,,,,,,
,b,orpogographel,al,sa,gem,ua,ca,pi,coh,vl,da,pa,por,sah,,,,,,,
,c,naxor,vonsa,rons,vrbanf,lab,dun,zaph,algadef,,,,,,,,,,,,
,d,loh,gem,vortaoh,amph,ahoha,za,vaxorza,leph,oxor,,,,,,,,,,,
,e,neoh,ah,va,dunaca,pi,ca,lodox,ard,nah,,,,,,,,,,,
,,,,,,,,,,,,,,,,,,,,,
17,a,iahod,vox,ar,pi,cah,lot,tar,pi,ges,nol,zim,na,plah,,,,,,,
,b,ge,o,gra,plit,ne,go,ah,va,lu,gan,zed,am,phi,la,doh,,,,,
,c,zan,veh,al,nex,oh,al,pha,ze,goth,gedoth,axor,van,zeba,,,,,,,
,d,al,ca,pa,,,,,,,,,,,,,,,,,
,e,luma,ges,ard,de,oh,ah,,,,,,,,,,,,,,
,,,,,,,,,,,,,,,,,,,,,
18,a,onchas,lagod,van,sebageh,oxangam,pah,gos,dah,manzeh,ocondah,,,,,,,,,,
,b,vardol,sebagh,ol,mandan,na,obal,sepaget,otoxen,narvah,,,,,,,,,,,
,c,lubatan,ansem,nofet,au,naba,notoh,ax,arsah,mans,vstgam,,,,,,,,,,
,d,pahod,pah,mal,sednah,gestons,amphes,al,manso,gapalebaton,,,,,,,,,,,
,e,arra,nax,vamfes,amah,dot,agen,nalphat,ar,zamne,oh,sages,,,,,,,,,
,,,,,,,,,,,,,,,,,,,,,
19,a,nax,lerua,nath,zembloh,axpadabamah,sanzapas,,,,,,,,,,,,,,
,b,gunzanquah,ona,var,demneh,gah,lod,vmnah,doxa,val,tarquat,,,,,,,,,,
,c,mans,ol,gem,nageph,au,zanbat,vx,anzach,al,pamboha,,,,,,,,,,
,d,naxtath,ol,nada,vam,nonsal,aua,nal,gedot,vorx,alge,lah,,,,,,,,,
,e,despa,gu,prominabamigah,olpaz,ord,gamnat,lem,paz,,,,,,,,,,,,
,f,cath,normadah,on,demq,,,,,,,,,,,,,,,,
,,,,,,,,,,,,,,,,,,,,,
20,a,laffah,ie,ogg,dalseph,abrimanadg,oldomph,ledothnar,,,,,,,,,,,,,
,b,ymnachar,onze,vam,sepno,voxauaret,ol,zantqur,amph,,,,,,,,,,,,
,c,nas,sages,om,nartal,vor,miscam,bemcax,lappad,gesso,,,,,,,,,,,
,d,drux,capgol,ass,letnar,vom,,,,,,,,,,,,,,,
,e,sausah,or,gamprida,ornat,vol,asmd,onza,duh,get,hansa,,,,,,,,,,
,f,gorh,hubra,galsaropah,nequax,dap,gemno,ab,pnidah,,,,,,,,,,,,
,g,noxd,lumbam,,,,,,,,,,,,,,,,,,
,,,,,,,,,,,,,,,,,,,,,
21,a,al,gethroz,ax,arvan,oh,zempal,guh,arvax,no,demnat,ar,,,,,,,,,
,b,pambals,nop,nonsal,geh,axor,pam,vartop,ab,vbrah,cardax,,,,,,,,,,
,c,lon,songes,au,dumax,ar,nephar,lu,gemne,om,asda,,,,,,,,,,
,d,vorts,vmrod,val,manqh,noh,sam,naga,vrbrast,lurvandax,,,,,,,,,,,
,e,vpplod,dam,zurtax,loa,an,avarn,nar,gemplicabnadah,oxa,,,,,,,,,,,
,,,,,,,,,,,,,,,,,,,,,
22,a,nooa,babna,ampha,dum,nonsap,vrs,daluah,marsaqual,orma,,,,,,,,,,,
,b,nabath,sabaothal,netma,vol,sempra,isch,laue,ondeh,noh,,,,,,,,,,,
,c,semblax,or,mansa,macapal,vngenel,vorsepax,vrsabada,noxanquah,,,,,,,,,,,,
,d,vndalph,asmoh,vxa,na,gaspar,vmpaxal,lapproh,iadd,nomval,,,,,,,,,,,
,e,vp,setquam,nol,astna,vors,vrdem,gnasplat,bef,affafefafed,,,,,,,,,,,
,f,volls,laydam,ovs,nac,,,,,,,,,,,,,,,,
,,,,,,,,,,,,,,,,,,,,,
23,a,cedah,or,manveh,geh,axax,nolsp,damva,dor,demgoh,apoxan,,,,,,,,,,
,b,subliganaxnarod,orchal,vamnad,vez,gemelhox,ar,drulalpa,,,,,,,,,,,,,
,c,ax,vr,samfah,oladmax,vr,sappoh,luah,vr,pabmax,luro,,,,,,,,,,
,d,lam,faxno,dem,vombres,adusx,or,sembal,on,vamne,,,,,,,,,,,
,e,oh,lemne,val,se,quap,vn,nap,nastosm,dah,voz,mazaz,,,,,,,,,
,f,lumato,games,on,neda,,,,,,,,,,,,,,,,
,,,,,,,,,,,,,,,,,,,,,
24,a,voh,gemse,ax,pah,losquan,nof,afma,dol,vamna,vn,samses,,,,,,,,,
,b,oh,set,quamsa,ol,danfa,dot,santa,on,anma,ol,subracah,,,,,,,,,
,c,babalad,vansag,olso,pas,gonred,vorn,chechust,axaroh,,,,,,,,,,,,
,d,rugho,am,nadom,val,sequot,ne,texpa,vors,vrs,al,pam,,,,,,,,,
,e,vans,na,tomvamal,ansipamals,notems,anque,arxe,al,,,,,,,,,,,,
,,,,,,,,,,,,,,,,,,,,,
25,a,pangeff,offd,ne,pamfah,aliboh,a,nostafages,almased,vrmast,,,,,,,,,,,
,b,geus,vrmax,au,semblox,satq,quayntah,luzez,arne,noh,,,,,,,,,,,
,c,pamna,sams,bantes,orn,volsax,vors,vnisapa,monsel,dah,,,,,,,,,,,
,d,nox,ah,pah,vomreb,doth,dansequox,anzazed,onz,anfal,,,,,,,,,,,
,e,nom,vamreh,volts,vrnacapacapah,noshan,yalt,gelfay,,,,,,,,,,,,,
,f,nor,sentqbt,onbanzar,luntaf,val,sentepax,,,,,,,,,,,,,,
,,,,,,,,,,,,,,,,,,,,,
26,a,ornisa,nor,pampals,anz,alpah,nox,noxa,gendah,von,,,,,,,,,,,
,b,gamne,dah,vors,ad,na,lepnazu,acheldaph,var,honza,,,,,,,,,,,
,c,gune,alsaph,nal,vomsan,vns,alpd,a,domph,ar,zemnip,,,,,,,,,,
,d,ans,vrnach,vancef,ban,yanzem,oh,aha,vons,nabrah,,,,,,,,,,,
,e,vh,asmo,drat,vormez,al,pasquar,no,gems,nah,zem,,,,,,,,,,
,f,lasquith,apsantah,,,,,,,,,,,,,,,,,,
,,,,,,,,,,,,,,,,,,,,,
27,a,vol,zans,alphi,ne,gansad,ol,pam,ro,dah,vor,vngef,a,deoh,,,,,,,
,b,nad,vnsemel,apodmacah,vnsap,val,vndar,ban,cefna,dux,,,,,,,,,,,
,c,hansel,yax,nolpah,volts,quayntah,gam,vemneg,oh,asq,,,,,,,,,,,
,d,al,panst,ans,vntah,hunsansa,apndad,ratq,a,sanst,nel,,,,,,,,,,
,e,odogamanazar,olzah,guh,oh,nah,varsa,vpangah,neoh,aho,,,,,,,,,,,
,,,,,,,,,,,,,,,,,,,,,
28,a,notgah,ox,vr,auonsad,vl,dath,nox,lat,ges,orn,val,,,,,,,,,
,b,sedcoh,leth,arney,vas,ars,galep,odampha,nol,axar,vox,,,,,,,,,,
,c,apracas,nolph,admi,adpalsah,noh,vrh,gednach,vax,,,,,,,,,,,,
,d,varsablox,vrdam,pagel,admax,lor,vamtage,oxandah,,,,,,,,,,,,,
,e,lamfo,not,vorsah,axpaa,ols,nugaphar,adras,vxar,,,,,,,,,,,,
,f,nostrilgan,ampacoh,vortes,lesqual,exoh,,,,,,,,,,,,,,,
,,,,,,,,,,,,,,,,,,,,,
29,a,ses,vah,nomre,gal,sables,orzah,get,les,part,ox,ar,se,,,,,,,,
,b,de,colmachu,ardeh,lox,gempha,lar,vamra,goh,naxa,,,,,,,,,,,
,c,vors,admah,gebah,semfugel,adma,geod,alzeh,orzam,,,,,,,,,,,,
,d,vanchet,oxam,prah,geh,orzad,val,nexo,vam,seleph,,,,,,,,,,,
,e,oxa,noha,par,gumsah,askeph,nox,adroh,lestof,ad,moxa,,,,,,,,,,
,f,nonsurrach,,,,,,,,,,,,,,,,,,,
,,,,,,,,,,,,,,,,,,,,,
30,a,vomchal,as,pu,gan,san,var,sem,quah,lah,set,,,,,,,,,,
,b,gedoh,argli,oranza,vor,zina,sedcatah,zurehoh,admich,,,,,,,,,,,,
,c,ors,arsah,varsab,oliba,vortes,lunsanfah,adnah,vor,,,,,,,,,,,,
,d,semquax,vorsan,lap,varsah,gebdah,voxlar,geoh,gemfel,,,,,,,,,,,,
,e,ad,gvns,aldah,gor,vanlah,gehudan,vor,sableth,gedvel,,,,,,,,,,,
,f,ax,ors,manch,var,sembloh,,,,,,,,,,,,,,,
,,,,,,,,,,,,,,,,,,,,,
31,a,ar,dam,fa,ge,do,hah,luxh,arcan,mans,lubrah,vor,,,,,,,,,
,b,semblas,adna,gor,partat,nor,vilso,adchu,apri,sed,amphle,,,,,,,,,,
,c,nox,arua,getol,vor,sambla,geth,arse,pax,vor,sah,gelh,aho,,,,,,,,
,d,gethmah,or,gemfa,nah,prax,chilad,ascham,na,prah,oxah,,,,,,,,,,
,e,var,setqua,lexoh,vor,sambleh,zubrah,,,,,,,,,,,,,,
,,,,,,,,,,,,,,,,,,,,,
32,a,lax,or,setquah,vah,lox,remah,nol,sadma,vort,famfa,,,,,,,,,,
,b,le,gem,nah,or,sepah,vartef,a,geh,oha,lon,gaza,onsa,ges,,,,,,,
,c,adrux,vombalzah,ah,vaxtal,noh,sedo,lam,vom,,,,,,,,,,,,
,d,tantas,oxarzah,mechol,va,zebn,geth,adna,vax,ormacha,,,,,,,,,,,
,e,lorni,adrah,gens,arnah,vor,arsad,odicoh,alida,nepho,,,,,,,,,,,
,,,,,,,,,,,,,,,,,,,,,
33,a,hastan,bah,ges,loh,ru,mal,vrabo,den,arsah,mah,vox,,,,,,,,,
,b,idah,ru,gebna,demphe,ors,amvi,ar,genba,oxad,va,ges,,,,,,,,,
,c,leth,vriop,nal,pas,vi,me,ro,to,adnavah,ged,anse,lah,,,,,,,,
,d,verbrod,vn,gelpa,lux,ard,do,ah,vast,vor,gemafanoh,,,,,,,,,,
,,,,,,,,,,,,,,,,,,,,,
34,a,amles,ondandaha,noxt,vradah,gel,nubrod,arb,a,cha,,,,,,,,,,,
,b,lo,pe,go,ha,pa,ra,zem,che,par,ma,la,na,bura,doh,gem,la,pa,lo,,
,c,orzin,fax,nol,ad,micapar,vo,si,pi,ca,la,ton,andrah,vox,,,,,,,
,d,ardno,get,na,ca,ploh,galzun,,,,,,,,,,,,,,
,,,,,,,,,,,,,,,,,,,,,
35,a,or,ge,mah,luza,ca,poh,nox,trah,vioxah,nebo,hu,ge,o,mi,lah,,,,,
,b,cox,cha,dah,or,na,hu,da,vol,sa,pah,no,bro,ch,al,pa,,,,,
,c,chidomph,nab,la,grux,la,vx,ar,ga,fam,gel,ne,do,ga,lah,,,,,,
,d,vo,sa,pah,,,,,,,,,,,,,,,,,
,,,,,,,,,,,,,,,,,,,,,
36,a,gu,la,ge,dop,ax,ix,ox,a,max,lun,sa,gem,pah,orsa,devlmah,,,,,
,b,ge,pa,cha,vor,si,ma,coh,alduth,gempfa,nox,gal,max,,,,,,,,
,c,ar,hu,gaf,gli,no,rob,va,gen,la,car,du,zum,ox,am,pli,zam,,,,
,d,zu,latmah,ge,ge,ma,ohahah,,,,,,,,,,,,,,
,,,,,,,,,,,,,,,,,,,,,
37,a,ga,la,pa,drux,vax,ma,geb,la,geb,or,che,plon,gan,zed,ah,,,,,
,b,vox,ar,vox,gelet,ar,gahad,gan,pa,gan,doruminaplah,,,,,,,,,,
,c,vor,zinach,cu,pa,chef,ardrah,ox,ox,pol,sa,gal,max,nah,,,,,,,
,d,guth,ardeth,on,zupra,cro,cro,gah,var,sa,ma,nal,,,,,,,,,
,,,,,,,,,,,,,,,,,,,,,
38,a,ar,sa,ba,cho,as,noh,al,geh,oh,ax,ar,pa,gal,olza,deh,,,,,
,b,or,za,zu,max,exoh,eh,or,cah,pal,donzaha,onza,,,,,,,,,
,c,zethas,nor,sap,se,pah,onzap,a,palmah,aldoh,voh,,,,,,,,,,
,d,nablebah,gemnapam,os,malsa,or,naoh,zar,bu,lagem,pah,,,,,,,,,,
,e,neo,ha,brah,,,,,,,,,,,,,,,,,
,,,,,,,,,,,,,,,,,,,,,
39,a,tal,gep,ar,sep,nah,doh,vors,alsa,doh,necoh,am,ar,geth,,,,,,,
,b,na,ges,alpran,odox,malsapnah,gohor,ahoh,gadmah,,,,,,,,,,,,
,c,ol,daneph,aludar,donzagab,olsagah,nebthuh,or,,,,,,,,,,,,,
,d,sapnar,balgonph,nep,gemloh,ax,amna,duth,,,,,,,,,,,,,
,e,achar,laspa,voha,naxvolh,gas,vergol,ah,pratnom,,,,,,,,,,,,
,f,gea,nostuamph,,,,,,,,,,,,,,,,,,
,,,,,,,,,,,,,,,,,,,,,
40,a,van,sa,pal,sah,go,so,gon,ge,la,bu,ra,doh,tato,lang,,,,,,
,b,ge,me,fe,ran,on,da,pans,ge,la,brah,or,pa,ge,mal,,,,,,
,c,on,san,fan,gen,olc,ma,cha,lan,von,se,gor,a,pri,cas,,,,,,
,d,nor,va,gel,om,bra,cau,cohadal,,,,,,,,,,,,,
,,,,,,,,,,,,,,,,,,,,,
41,,adros,a,clodfac,dogepnah,lapcah,mocdacode,famon,tualc,dom,,,,,,,,,,,
42,,vrasnageph,amphidon,gansel,vax,orehamah,vorsafansa,ucas,,,,,,,,,,,,,
43,,damifagan,nabulax,orsageh,namvah,ocar,lunsangel,carpacoa,,,,,,,,,,,,,
44,,lunsemneph,odarnachoh,zembloh,oblicandon,galsorxvlaga,,,,,,,,,,,,,,,
45,,fomnaph,apansageh,lonsugalan,grast,vblanso,arnox,vonsao,,,,,,,,,,,,,
46,,taltemaphech,ormachadagenox,vrstamvah,nadvareh,ons,arg,,,,,,,,,,,,,,
47,,zucanzu,napliorah,norge,hahanaha,vsplah,gradunvah,navic,,,,,,,,,,,,,
48,,arsah,vonrogen,dahvalah,orzap,cvl,carsed,a,porsal,qastava,,,,,,,,,,,
49,,ganfumarabomonah,gastages,ordolph,naqas,orgemvah,noxad,,,,,,,,,,,,,,
