line,0,1,add,n
8v.1.4,"8,c^c,o,x","c^c,o,x",8,110
13r.1.2,"8,cc,o,x","cc,o,x",8,110
23r.2.2,"o,x","8,o,x",8,110
27r.1.4,"cc,9","8,cc,9",8,110
31v.1.2,"o,N,c,c,9","N,c,c,o,8,9",8,110
31v.1.3,"o,N,c,8,9","o,N,c,9",8,110
31v.1.3,"o,N,c,9","N,c,o,8,9",8,110
32r.2.2,"8,o,x","o,x",8,110
33v.2.2,"8,a,Z","a,Z",8,110
34v.2.2,"cc,c,8,9","cc,c,9",8,110
36r.2.1,"cc,9","8,cc,9",8,110
36r.2.3,"a,i","8,a,i",8,110
37r.3.3,"cc,o,Z","8,cc,o,Z",8,110
39r.2.2,"8,a,Z","a,Z",8,110
39v.2.4,"8,a,Z","a,Z",8,110
41v.1.2,"9,P2,cc,c,8,9","cc,c,P2,cc,c,P2,9",8,110
46r.1.5,"9,M,c,8,9","9,M,c,9",8,110
46r.2.3,"c^c,9","c^c,8,9",8,110
47v.2.5,"cc,8,9","cc,9",8,110
49v.3.5,"8,9",9,8,110
52v.2.4,"a,m","8,a,m",8,110
54r.2.5,"o,x","8,o,x",8,110
58r.1.8,"o,M,c,o,8,cc,9","9,M,c,o,cc,9",8,110
58r.2.3,"o,M,a,x","M,o,8,a,x",8,110
58v.1.17,"a,x,a,x","8,a,x",8,110
58v.2.6,"o,N,a,x,9","o,N,a,x,8,9",8,110
66r.12.2,"o,M,cc,c,8,9","o,M,c,o,cc,c,9",8,110
75r.5.11,"4,o,M,c,c,9","4,o,M,c,c,8,9",8,110
75r.5.15,"4,o,N,c,9","4,o,N,c,8,9",8,110
75v.1.2,x,"8,x",8,110
75v.3.3,"8,o,x","o,x",8,110
75v.6.4,"o,x,8,9","o,x,9,x,9",8,110
76r.1.26,"c^c,c,8,9","c^c,c,9",8,110
76r.1.26,"c^c,c,9","c^c,c,8,9",8,110
76r.4.1,"c^c,c,8,9","c^c,c,9",8,110
77r.4.13,"cc,c,c,8,9","cc,c,c,9",8,110
78r.2.4,"8,o,Z","o,Z",8,110
78r.2.9,"o,Z","8,o,Z",8,110
78r.2.16,"8,a,Z","a,Z",8,110
79r.4.4,"4,o,x,N,c,c,9","4,o,x,N,c,c,8,9",8,110
81v.2.14,"c,M,c,8,9","9,M,c,9",8,110
82r.3.7,"4,o,N,c,c,c,9","4,o,N,c,8,9",8,110
82v.2.4,"4,o,N,c,9","4,o,N,c,8,9",8,110
83r.3.2,"c^c,c,8,9","c^c,c,9",8,110
84r.3.1,"4,o,N,c,c,8,9","4,o,N,c,c,9",8,110
84r.8.2,"8,o,x","o,x",8,110
84v.2.5,"4,o,N,c,9","4,o,N,c,8,9",8,110
84v.2.12,"8,o,x","o,x",8,110
84v.2.14,"4,o,N,c,8,9","4,o,N,c,9",8,110
84v.3.2,"o,N,c,8,9","o,N,c,9",8,110
84v.3.10,"4,o,N,c,8,9","4,o,N,c,9",8,110
84v.3.13,"4,o,N,c,9","4,o,N,c,8,9",8,110
88v.2.2,"8,c^c,o,Z","c^c,o,Z",8,110
88v.4.3,"4,o,N,c,c,9","4,o,N,c,o,8,9",8,110
89vb.4.1,"o,P2,o,x,o,x,a,m","o,P2,a,x,8,a,m",8,110
90rb.1.3,"4,o,N,c,o,8","4,o,N,c,o",8,110
99r.6.3,"o,N,o,x,9","o,N,o,x,8,9",8,110
99r.8.3,"N,c,o,8,9","o,N,c,c,c,9",8,110
101v.5.1,"8,?,?","?,?",8,110
102rb.3.4,"8,o,x","o,x",8,110
102rb.3.5,"o,c,N,c,9","o,N,c,o,8,9",8,110
102rb.4.4,"4,N,c,o,8,9","4,o,N,c,9",8,110
102va.4.4,"8,o,x","o,x",8,110
102vb.3.5,"8,9",9,8,110
103r.13.2,"4,o,N,c,c,8,9","4,o,N,c,c,9",8,110
103v.5.2,"o,x,cc,c,9","x,cc,c,o,8,9",8,110
103v.11.4,"o,x,c^c,c,8,9","o,x,c^c,c,9",8,110
104r.5.2,"o,M,c,c,cc,9","cc,9,M,c,o,8,9",8,110
104v.13.2,"cc,c,8,9","cc,c,9",8,110
105r.1.3,"4,o,N,c,c,8,9","4,o,N,c,c,9",8,110
105r.5.2,"o,M,c,c,8,9","o,M,c,c,9",8,110
105v.2.2,"8,a,Z","a,Z",8,110
105v.9.2,"8,cc,c,8,9","cc,c,c,9",8,110
105v.10.2,"a,x","8,a,x",8,110
106r.5.2,"o,x,cc,c,c,9","8,o,x,cc,c,8,9",8,110
106v.3.1,"4,o,P2,cc,8,9","4,o,P2,cc,9",8,110
106v.6.1,"4,o,N,c^c,8,9","4,o,N,c^c,9",8,110
106v.8.1,"c^c,c,8,9","c^c,c,9",8,110
106v.15.1,"cc,8,9","cc,9",8,110
107r.10.3,"a,x","8,a,x",8,110
107r.13.1,"4,o,c,N,c,9","4,o,N,c,c,8,9",8,110
108r.2.2,"4,o,N,c,c,9","4,o,N,c,c,8,9",8,110
108r.14.1,"N,c,o,8,N,9","o,N,c,c,9",8,110
108r.14.2,"4,o,N,c,c,9","4,o,N,c,c,8,9",8,110
108r.14.2,"4,o,N,c,c,8,9","4,o,N,c,c,9",8,110
108v.2.2,"4,o,N,c,c,8,9","4,o,N,c,c,9",8,110
108v.4.2,"4,o,N,c,c,9","4,o,N,c,c,8,9",8,110
108v.4.2,"4,o,N,c,c,8,9","4,o,N,c,c,9",8,110
108v.10.3,"4,o,N,c,c,9","4,o,N,c,c,8,9",8,110
108v.14.3,"4,o,N,c,c,8,9","4,o,N,c,c,9",8,110
108v.15.2,"4,o,N,c,c,8,9","4,o,N,c,c,9",8,110
111r.9.2,"4,o,N,c,c,9","4,o,N,c,o,8,9",8,110
111r.10.3,"4,o,N,c,c,9","4,o,N,c,c,8,9",8,110
111r.15.2,"x,N,c,c,9","x,N,c,c,8,9",8,110
111r.16.2,"x,N,c,c,8,9","x,N,c,c,9",8,110
111v.1.5,"4,o,N,c,c,9","4,o,N,c,c,8,9",8,110
111v.2.1,"4,o,P2,cc,c,8,9","4,o,P2,cc,c,9",8,110
111v.5.4,"4,o,N,c,c,9","4,o,N,c,c,8,9",8,110
112r.1.7,"o,N,c,c,8,9","o,N,c,c,9",8,110
112r.2.2,"o,M,c,c,8,9","o,M,c,c,9",8,110
112r.9.1,"o,N,c,c,9","o,N,c,c,8,9",8,110
112v.4.4,"4,o,N,c,c,c,9","4,o,N,c,c,o,8,9",8,110
114r.1.2,"o,N,c,8,9","o,N,o,c,c,9",8,110
114r.6.3,"x,cc,c,8,o","x,cc,c,o",8,110
115r.3.1,"8,a,Z","a,Z",8,110
115r.9.3,"4,o,N,c,c,9","4,o,N,c,c,8,9",8,110
115v.12.1,"o,x,N,c,c,o","x,N,c,c,8,o,x",8,110
116r.3.1,"M,c,o,8,9","o,M,c,9",8,110
116r.6.8,"4,o,N,c,c,9","4,o,N,c,c,8,9",8,110
116r.7.12,"c^c,c,8,9","c^c,c,9",8,110
3r.2.4,"o,N,c,c,9","4,o,N,c,c,9",4,102
14v.1.5,"o,M,9","4,o,M,9",4,102
18v.1.4,"4,o,N,cc,9","9,N,cc,o",4,102
31r.3.1,"o,N,c,8,9","4,o,N,c,8,9",4,102
33r.1.2,"o,N,a,x,8,9","4,o,N,a,x,8,9",4,102
33r.1.2,"4,o,M,a,Z","o,M,a,Z",4,102
34v.1.4,"o,x,8,a,Z","4,o,x,8,a,Z",4,102
40r.1.2,"4,o,N,a,Z","o,N,a,Z",4,102
40r.1.5,"4,o,N,a,Z","o,N,a,Z",4,102
44r.2.2,"4,o,M,cc,9","o,M,cc,9",4,102
46v.1.3,"o,M,9","4,o,M,9",4,102
55r.1.2,"4,o,N,a,Z","o,N,a,Z",4,102
56r.2.9,"cc,o,N,c,c,9","4,o,N,cc,c,c,9",4,102
57r.1.4,"4,o,M,c,c,o,8,9","o,c,M,c,o,8,9",4,102
58v.1.5,"4,o,N,a,x,9","o,N,a,x,9",4,102
58v.4.3,"4,o,N,a,x","o,N,a,x",4,102
58v.4.5,"4,o,N,a,x","o,N,a,x",4,102
75r.5.13,"o,N,c,8,9","4,o,N,c,8,9",4,102
75r.5.14,"o,M,c,8,9","4,o,M,c,8,9",4,102
75r.5.14,"4,o,M,c,8,9","o,M,c,8,9",4,102
75v.1.4,"o,M,c,8,9","4,o,M,c,8,9",4,102
75v.3.3,"4,o,x","o,x",4,102
76r.1.3,"4,o,M,c,8,9","o,M,c,8,9",4,102
76r.1.9,"o,N,c,c,8,9","4,o,N,c,c,8,9",4,102
76r.1.12,"4,o,N,c,c,9","o,N,c,c,9",4,102
76v.1.8,"4,o,N,c,c,8,9","o,N,c,c,8,9",4,102
78r.2.13,"4,o,N,c,8,9","o,N,c,8,9",4,102
78r.2.21,"o,N,c,c,8,9","4,o,N,c,c,8,9",4,102
78v.1.6,"o,N,c,8,9","4,o,N,c,8,9",4,102
79v.3.2,"o,N,c,c,8,9","4,o,N,c,c,8,9",4,102
79v.5.3,"o,N,c,9","4,o,N,c,9",4,102
80r.2.9,"4,o,N,a,n","o,N,a,n",4,102
80r.2.14,"o,M,9","4,o,M,9",4,102
80r.3.5,"4,o,N,a,n","o,N,a,n",4,102
81r.2.6,"4,o,x","o,x",4,102
81v.2.2,"4,o,N,c,c,9","o,N,c,c,9",4,102
81v.2.2,"4,o,N,9","o,N,9",4,102
81v.2.3,"4,o,x","o,x",4,102
83r.2.4,"o,N,c,8,9","4,o,N,c,8,9",4,102
83v.1.8,"4,o,N,a,m","o,N,a,m",4,102
83v.5.8,o,"4,o",4,102
84v.2.1,"o,M,c,8,9","4,o,M,c,8,9",4,102
84v.2.6,"4,o,N,c,8,9","o,N,c,8,9",4,102
84v.2.6,"4,o,N,c,c,8,9","o,N,c,c,8,9",4,102
84v.2.12,"o,N,c,8,9","4,o,N,c,8,9",4,102
84v.3.5,"4,o,N,a,m","o,N,a,m",4,102
85v.2.4,"o,N,a,m","4,o,N,a,m",4,102
85v.3.9,"4,o,N,a,Z","o,N,a,Z",4,102
86r.5.14,"4,o,M,c,c,9","o,c,M,c,9",4,102
88v.5.4,"4,o,N,c,o,8,9","8,o,c,N,c,9",4,102
94v.3.1,"o,M,cc,9","4,o,M,cc,9",4,102
95rb.2.2,"4,o,N,a,Z","o,N,a,Z",4,102
95rb.2.2,"o,N,a,Z","4,o,N,a,Z",4,102
99r.10.4,"o,N,c,c,9","4,o,N,c,c,9",4,102
99v.5.2,"o,N,c,o,x","4,o,N,c,o,x",4,102
99v.8.2,"4,o,N,c,o,x","o,N,c,o,x",4,102
102ra.4.1,"o,M,c,o,x","4,o,M,c,o,x",4,102
102rb.3.4,"o,N,c,c,9","4,o,N,c,c,9",4,102
103r.1.4,"4,o,N,c,8,9","o,N,c,8,9",4,102
103r.7.1,"o,N,a,n","4,o,N,a,n",4,102
103r.10.1,"o,N,c,c,9","4,o,N,c,c,9",4,102
103r.10.1,"4,o,N,c,c,9","o,N,c,c,9",4,102
103r.13.2,"o,N,c,c,8,9","4,o,N,c,c,8,9",4,102
103r.17.1,"4,o,M,c,c,8,9","o,M,c,c,8,9",4,102
103r.18.3,"4,o,N,c,c,9","o,N,c,c,9",4,102
103v.1.4,"4,o,N,c,c,9","o,N,c,c,9",4,102
103v.9.1,"4,o,M,a,Z","o,M,a,Z",4,102
104r.5.1,"4,o,c,P2,cc,9","o,P2,cc,c,9",4,102
104v.13.4,"o,N,c,c,c,9","4,o,N,c,c,c,9",4,102
106r.7.2,"4,o,N,a,m","o,N,a,m",4,102
106r.10.3,"o,N,a,n","4,o,N,a,n",4,102
106r.15.6,"o,N,a,n","4,o,N,a,n",4,102
106v.1.2,"4,o,N,a,Z","o,N,a,Z",4,102
107r.8.1,"o,P1,cc,c,8,9","4,o,P1,cc,c,8,9",4,102
107v.9.3,"o,N,c,o,8,9","4,o,N,c,c,8,9",4,102
107v.12.2,"o,N,cc,c,9","4,o,N,cc,c,9",4,102
107v.15.2,"4,o,M,c,c,9","o,M,c,c,9",4,102
108r.3.3,"4,o,M,c,c,9","o,M,c,c,9",4,102
108r.8.4,"o,N,c,c,9","4,o,N,c,c,9",4,102
108r.8.4,"o,N,c,8,9","4,o,N,c,8,9",4,102
108r.10.1,"4,o,M,c,8,9","o,M,c,8,9",4,102
108r.10.3,"4,o,N,c,8,9","o,N,c,8,9",4,102
108r.13.2,"o,N,c,c,8,9","4,o,N,c,c,8,9",4,102
108r.14.2,"o,N,c,c,9","4,o,N,c,c,9",4,102
108v.3.2,"4,o,N,c,c,8,9","o,N,c,c,8,9",4,102
108v.6.2,"4,o,M,c,8,9","o,M,c,8,9",4,102
108v.11.2,"4,o,N,c,9","o,N,c,9",4,102
108v.13.1,"4,o,N,c,c,8,9","o,N,c,c,8,9",4,102
108v.16.1,"o,N,c,c,8,9","4,o,N,c,c,8,9",4,102
108v.16.3,"o,N,c,c,9","4,o,N,c,c,9",4,102
111r.7.1,"o,N,c,c,8,9","4,o,N,c,c,8,9",4,102
111r.8.1,"o,N,c,cc,c,8,9","4,o,N,c,cc,c,8,9",4,102
111v.1.9,"o,N,c,c,9","4,o,N,c,c,9",4,102
111v.4.1,"4,o,M,a,Z","o,M,a,Z",4,102
111v.5.1,"o,N,a,n","4,o,N,a,n",4,102
111v.7.2,"4,o,N,a,n","o,N,a,n",4,102
112r.1.10,"o,N,c,c,9","4,o,N,c,c,9",4,102
112r.2.3,"4,o,N,c,c,9","o,N,c,c,9",4,102
112v.4.1,"o,N,c,c,8,9","4,o,N,c,c,8,9",4,102
113v.4.2,"o,M,a,Z","4,o,M,a,Z",4,102
113v.6.2,"o,N,a,m","4,o,N,a,m",4,102
116r.5.3,"4,o,N,c,c,9","o,N,c,c,9",4,102
1r.4.3,"cc,o",o,cc,66
2r.2.5,"a,i","cc,a,i",cc,66
3r.3.1,"o,Z","cc,o,Z",cc,66
3v.1.2,"o,N,cc,o,Z","o,N,o,Z",cc,66
6v.2.12,"8,o,Z","8,cc,o,Z",cc,66
15r.1.5,"8,9","8,cc,9",cc,66
17v.1.12,"o,9","cc,o,9",cc,66
17v.1.18,"o,x","cc,o,x",cc,66
19r.1.8,"o,Z","cc,o,Z",cc,66
20r.1.4,"o,x,M,c,c,9","o,M,o,x,cc,c,9",cc,66
21v.1.5,"o,N,9","9,N,cc,o",cc,66
29r.1.1,"4,o,M,cc,9","4,o,M,9",cc,66
29v.2.1,"cc,c^c,9","c^c,9",cc,66
32r.1.2,"o,N,o,Z","o,N,cc,o,Z",cc,66
32r.2.14,"8,o,x","8,cc,o,x",cc,66
35r.1.2,"8,a,m","8,cc,a,m",cc,66
35r.2.2,"a,m","cc,a,m",cc,66
37v.2.4,"cc,o,Z","o,Z",cc,66
41r.2.6,"9,N,c,c,8,9","cc,c,N,c,c,8,9",cc,66
42v.2.4,"cc,o,x","o,x",cc,66
44r.1.2,"8,cc,9","8,9",cc,66
44v.3.5,"cc,c,M,c,9","c,M,c,9",cc,66
45v.3.4,"o,Z","cc,o,Z",cc,66
46r.4.3,"8,a,Q","cc,8,a,Q",cc,66
49v.1.3,"cc,c,M,c,9","c,M,c,9",cc,66
55r.1.4,"cc,a,Z","a,Z",cc,66
56v.1.1,"cc,o,Z","o,Z",cc,66
58r.1.5,"cc,a,Z","a,Z",cc,66
58r.1.5,"cc,a,Z","a,Z",cc,66
58r.3.6,"cc,o,x","o,x",cc,66
66r.3.2,"o,N,c,o,8,9","cc,c,N,c,o,8,9",cc,66
79r.5.3,"9,M,c,c,9","cc,9,M,c,c,9",cc,66
79v.3.6,"cc,o,x","o,x",cc,66
81v.2.3,"9,M,c,8,9","cc,c,M,c,8,9",cc,66
82r.3.5,"cc,8,9","8,9",cc,66
82v.1.1,"o,M,c,cc,8,9","o,M,c,8,9",cc,66
82v.4.5,"cc,8,9","8,9",cc,66
83r.3.4,"4,o,N,cc,c,8,9","4,o,N,c,8,9",cc,66
84r.7.2,"c,N,c,c,8,9","cc,N,c,8,9",cc,66
85r.3.1,"8,a,x","cc,8,a,x",cc,66
86r.2.4,"cc,o,Z","o,Z",cc,66
90rb.1.3,"cc,o,x","o,x",cc,66
90vb.1.3,"cc,o,x","o,x",cc,66
93r.1.31,"o,x","cc,o,x",cc,66
95vb.2.3,"o,N,c,8,9","o,N,cc,c,8,9",cc,66
96r.1.4,"o,Z","cc,o,Z",cc,66
99r.5.1,"cc,o,N,9","o,N,9",cc,66
101r.3.1,"c,N,cc,c,c,9","9,N,c,c,9",cc,66
101v.3.1,"cc,o,Z","o,Z",cc,66
103v.9.2,"cc,c,c,N,c,9","9,N,c,c,9",cc,66
104v.10.3,"cc,o,N,a,n","o,N,a,n",cc,66
105r.1.2,"9,c,9","cc,c,c,9",cc,66
106r.10.2,"o,x","x,cc,o",cc,66
106v.4.4,"cc,a,Z","a,Z",cc,66
107r.14.4,"cc,o,x","o,x",cc,66
111v.7.1,"cc,a,x","a,x",cc,66
112r.6.4,"cc,o,x","o,x",cc,66
112v.12.2,"o,x","cc,o,x",cc,66
113r.5.1,"N,c,c,o,x","x,N,cc,c,o,x",cc,66
113r.10.2,"a,x","cc,a,x",cc,66
113v.3.3,"o,N,a,m","cc,o,N,a,m",cc,66
113v.5.4,"cc,x",x,cc,66
113v.9.5,"cc,a,Z","a,Z",cc,66
114r.5.3,"8,a,i,Z","cc,8,a,i,Z",cc,66
115v.13.4,"4,o,N,c,9","4,o,N,cc,c,9",cc,66
116r.6.12,"cc,x",x,cc,66
6v.1.4,2,"o,2",o,60
6v.2.8,2,"o,2",o,60
17v.1.7,"o,2",2,o,60
19r.1.5,"o,M,cc,9","M,cc,9",o,60
22r.4.3,"o,N,cc,9","N,cc,9",o,60
27v.1.4,"cc,x","cc,o,x",o,60
32v.1.4,"cc,Z","cc,o,Z",o,60
35v.1.11,"cc,o,8,a,m","8,cc,a,m",o,60
38v.1.7,Z,"o,Z",o,60
39r.3.4,"o,M,c,8,9","M,c,8,9",o,60
39v.1.2,"o,8,9","8,9",o,60
41r.2.6,"9,N,c,o,8","9,N,c,c,8,9",o,60
41v.1.7,"9,N,c,c,9","o,N,c,9",o,60
42r.3.4,2,"o,2",o,60
43r.2.2,"cc,c,8,9","cc,c,o,8,9",o,60
44v.3.3,"N,a,x","o,N,a,x",o,60
48r.1.6,"o,N,c,9","9,N,c,c,9",o,60
48v.1.2,"9,o,M,c,8,9","c,M,c,8,9",o,60
66r.11.1,"cc,o,N,c,c,9","cc,c,N,c,9",o,60
75v.1.7,"M,c,8,9","o,M,c,8,9",o,60
75v.1.7,"o,M,c,8,9","M,c,8,9",o,60
76v.2.5,"o,M,c,8,9","c,M,c,c,8,9",o,60
76v.2.5,"c,M,c,c,8,9","o,M,c,8,9",o,60
76v.4.1,"P2,c^c,c,a,x,8,9","o,P2,a,x,c^c,c,8,9",o,60
76v.5.3,"4,c,c,8,9","4,o,c,c,8,9",o,60
77v.3.9,"o,x,cc,c,9","x,cc,c,9",o,60
78r.2.11,"o,N,c,8,9","N,c,8,9",o,60
78v.2.2,"x,c^c,c,8,9","o,x,c^c,c,8,9",o,60
79v.2.1,"o,P2,cc,c,8,9","P2,cc,c,8,9",o,60
79v.3.7,"M,c,c,9","o,M,c,c,9",o,60
80r.6.7,x,"o,x",o,60
84r.2.1,"o,M,c,8,9","8,9,M,c,8,9",o,60
84v.3.19,"o,x,cc,c,9","x,cc,c,9",o,60
85v.4.7,"x,N,a,m","o,x,N,a,m",o,60
86r.2.2,"M,a,Z,a,Z","o,M,a,Z",o,60
86r.4.4,"o,a,Z","a,Z",o,60
89va.5.3,"8,a,m","o,8,a,m",o,60
95vb.2.2,"M,a,Z","o,M,a,Z",o,60
99r.8.3,"cc,c,c,o,N,c,c,9","cc,c,c,N,c,c,9",o,60
101r.1.2,Z,"o,Z",o,60
102ra.5.5,"9,8,a,Z","a,Z,o,8,9",o,60
105v.3.1,"o,P2,cc,c,8,9","P2,cc,c,8,9",o,60
105v.3.2,"o,Z",Z,o,60
107v.1.4,"cc,c,N,9","o,N,c,cc,9",o,60
108r.15.1,"o,N,c,c,9","N,c,c,9",o,60
108v.5.4,"o,x",x,o,60
108v.7.3,"N,a,m","o,N,a,m",o,60
111r.3.2,"o,x,cc,c,8,9","x,cc,c,8,9",o,60
111r.7.2,"M,c,c,9","o,M,c,c,9",o,60
111r.15.2,"o,a,n","a,n",o,60
111v.1.10,x,"o,x",o,60
112r.5.1,"o,M,9,cc,c,9","cc,c,c,M,c,c,9",o,60
112v.6.4,"cc,c,o,N,c,c,9","cc,c,c,N,c,9",o,60
112v.12.3,"o,P2,a,x,cc,8,9","a,x,P2,cc,8,9",o,60
113v.10.2,"o,N,cc,c,9","cc,c,N,9",o,60
114r.2.3,"9,N,c,c,8,9","o,N,c,c,c,8,9",o,60
114r.13.1,"cc,c,o,8,9","9,cc,c,c,8,9",o,60
114v.11.2,"o,a,m","a,m",o,60
115r.9.4,"cc,o,N,c,c,c,9","cc,c,N,c,c,9",o,60
116r.7.7,"x,N,c,c,9","o,x,N,c,c,9",o,60
1r.4.6,"cc,o,M,9","cc,o,M,c,9",c,51
4v.1.2,"cc,c,9","cc,9",c,51
5v.1.5,"cc,c,o,M,o,x","o,M,cc,o,x",c,51
7v.2.1,"c^c,c,o,8,a,m","c^c,o,8,a,m",c,51
7v.2.2,"cc,o,Z","cc,c,o,Z",c,51
8v.2.5,"cc,a,Z","cc,c,a,Z",c,51
13v.1.4,"4,o,c,N,9","4,o,N,9",c,51
16r.3.3,"c^c,c,M,c,9","c^c,M,c^c,9",c,51
16v.2.4,"9,N,cc,9","cc,c,N,c,9",c,51
17v.1.17,"c,M,c,o,Z","o,M,o,Z",c,51
20v.1.2,"cc,c,o,x","cc,o,x",c,51
23v.2.5,"c,M,c,o,x","o,M,o,x",c,51
24v.2.8,"cc,c,o,x","cc,o,x",c,51
26v.1.1,"9,P2,cc,c,8,9","9,P2,cc,8,9",c,51
27v.1.3,"N,cc,c,9","N,cc,9",c,51
28r.1.4,"c,M,c,o,x","o,M,o,x",c,51
28v.2.1,"cc,c,o,Z","cc,o,Z",c,51
29r.2.3,"cc,o,c,M,9","cc,o,M,9",c,51
33v.1.3,"8,9,N,9","c,N,c,8,9",c,51
34v.1.5,"cc,c,N,a,x,9","cc,a,x,N,9",c,51
37r.3.1,"c^c,o,Z","c^c,c,o,Z",c,51
42r.2.4,"o,M,o,x","c,M,c,o,x",c,51
43r.3.3,"4,o,N,c,c,8,9","4,o,N,o,8,9",c,51
44r.1.4,"9,N,cc,c,9","9,N,cc,9",c,51
46r.3.1,"P1,cc,c,8,9","8,9,P1,cc,8,9",c,51
49r.3.3,"c^c,o,Z","c^c,c,o,Z",c,51
54r.2.5,"c,N,c,o,x","o,N,o,x",c,51
58r.3.4,"cc,a,x","cc,c,a,x",c,51
66r.2.2,"cc,8,9","cc,c,8,9",c,51
66r.4.2,"9,N,o,x","9,N,c,o,x",c,51
66r.10.1,"c^c,c,o,x","c^c,o,x",c,51
76v.6.1,"4,o,N,c,9","4,o,N,9",c,51
78r.3.6,"N,c,c,8,9","8,9,N,9",c,51
80r.3.1,"4,o,M,c,9","4,o,M,9",c,51
83r.4.12,"c^c,9","c^c,c,9",c,51
83v.3.4,"4,o,x,cc,c,8,9","4,o,x,cc,8,9",c,51
84v.3.14,"cc,8,9","8,cc,c,9",c,51
88r.6.3,"cc,c,o,x","cc,o,x",c,51
89rb.4.1,"c^c,c,o,Z","c^c,o,Z",c,51
89rb.4.2,"cc,o,x","cc,c,o,x",c,51
90vb.2.2,"cc,c,o,x","cc,o,x",c,51
100r.6.6,"cc,o,x","cc,c,o,x",c,51
101r.2.3,"o,N,o,x","o,N,c,o,x",c,51
102vb.3.8,"cc,o,Z","cc,c,o,Z",c,51
104r.10.2,"cc,o,x","cc,c,o,x",c,51
104v.2.1,"c^c,o,x","c^c,c,o,x",c,51
106r.2.3,"c^c,o,Z","c^c,c,o,Z",c,51
115r.12.2,"o,x,cc,9","o,x,cc,c,9",c,51
115v.8.5,"cc,c,8,9","cc,8,9",c,51
116r.7.10,"x,cc,c,9","x,cc,9",c,51
116r.7.12,"c^c,c,N,a,n","c^c,N,a,n",c,51
2v.1.2,"c^c,o","c^c,o,x",x,48
3r.3.2,"2,o,x,c,c,Q","2,o,c,o,Q",x,48
23v.2.2,"c^c,o","c^c,o,x",x,48
35v.1.7,"c^c,o,x","c^c,o",x,48
40v.2.4,"x,a,Z","a,Z",x,48
44v.3.5,"c,M,c,o","c,M,c,o,x",x,48
46v.1.7,"x,cc,c,8,9","cc,c,8,9",x,48
49v.2.2,"8,cc,o","8,cc,o,x",x,48
56v.2.7,"c^c,o","c^c,o,x",x,48
75r.1.20,"cc,c,9","x,cc,c,9",x,48
76r.1.14,"c^c,c,8,9","x,c^c,c,8,9",x,48
76r.1.15,"cc,c,8,9","x,cc,c,8,9",x,48
76r.1.29,"x,cc,c,9","cc,c,9",x,48
76r.3.3,"x,cc,c,8,9","cc,c,8,9",x,48
76v.3.7,"cc,c,8,9","x,cc,c,8,9",x,48
77r.2.15,"cc,c,8,9","x,cc,c,8,9",x,48
77v.5.13,"cc,c,8,9","x,cc,c,8,9",x,48
79v.3.1,"4,o,x,M,c,8,9","4,o,M,c,8,9",x,48
79v.5.5,"o,x",o,x,48
80v.4.4,"c^c,c,8,9","x,c^c,c,8,9",x,48
81r.1.1,"o,P2,cc,c,8,9","o,x,P2,cc,c,8,9",x,48
81r.2.2,"o,x",o,x,48
81r.2.7,"cc,c,9","x,cc,c,9",x,48
81v.2.7,"c^c,c,8,9","x,c^c,c,8,9",x,48
82v.6.1,"4,o,N,c,8,9","4,o,x,N,c,8,9",x,48
82v.6.2,"o,N,a,n","o,x,N,a,n",x,48
83v.3.8,"4,o,N,c,c,8,9","4,o,x,N,c,c,8,9",x,48
84v.2.5,"o,x,N,c,8,9","o,N,c,8,9",x,48
89rb.6.1,"c^c,o,8,9","c^c,o,x,8,9",x,48
89rb.6.4,"4,o","4,o,x",x,48
95ra.2.3,"cc,c,8,9","x,cc,c,8,9",x,48
95ra.2.3,"x,cc,c,8,9","cc,c,8,9",x,48
99v.3.3,"4,o,N,c,o","4,o,N,c,o,x",x,48
101r.2.4,"c^c,o","c^c,o,x",x,48
103v.6.2,"x,cc,c,8,9","cc,c,8,9",x,48
103v.13.3,"c^c,c,9","x,c^c,c,9",x,48
103v.14.3,"cc,c,c,9","x,cc,c,c,9",x,48
107r.2.1,"o,N,cc,c,8,9","o,x,N,cc,c,8,9",x,48
108r.14.2,o,"o,x",x,48
108v.16.2,"o,x,N,c,c,9","o,N,c,c,9",x,48
111r.5.2,"cc,c,8,9","x,cc,c,8,9",x,48
111v.4.3,"a,x,Z","a,Z",x,48
112r.9.1,"o,x,N,c,8,9","o,N,c,8,9",x,48
112v.1.6,"o,x",o,x,48
113r.8.2,"cc,c,N,c,c,9","x,N,cc,c,9",x,48
114r.8.3,"o,x,N,a,m","o,N,a,m",x,48
116r.1.2,"x,a,Z","a,Z",x,48
116r.2.3,"x,cc,c,8,9","cc,c,8,9",x,48
5r.1.7,"c,c,9","N,c,c,9",N,46
8r.3.1,"c^c,c,9","N,c^c,c,9",N,46
9v.2.6,"N,cc,o,x","cc,o,x",N,46
11r.1.4,"cc,9","N,cc,9",N,46
14r.2.6,"cc,9","N,cc,9",N,46
16v.1.2,9,"N,9",N,46
25r.1.2,"cc,9","N,cc,9",N,46
26v.1.6,"cc,c,9","cc,c,N,9",N,46
27r.2.1,"N,cc,c,9","cc,c,9",N,46
39v.1.5,"N,o,Z","o,Z",N,46
42v.2.6,"cc,9","N,cc,9",N,46
43r.1.4,"N,a,Z","a,Z",N,46
43r.1.6,"N,cc,c,8,9","cc,c,8,9",N,46
50r.1.5,"N,a,Z","a,Z",N,46
50v.1.5,"cc,c,8,9","cc,N,c,8,9",N,46
56r.1.8,"cc,o,9","cc,o,N,9",N,46
56r.2.2,"o,M,cc,9","cc,o,N,9,M",N,46
56v.2.8,"N,cc,o,x","cc,o,x",N,46
58r.3.3,"o,x,a,x,8,9","o,N,a,x,o,8,9",N,46
58v.3.4,"N,o,x","o,x",N,46
76v.3.2,"4,o,c,c,c,8,9","4,o,N,c,8,9",N,46
79r.3.2,"4,o,x","4,o,N,x",N,46
80v.7.2,"o,x,a,m","o,x,N,a,m",N,46
83r.4.19,"2,a,Z","2,N,a,Z",N,46
84v.2.8,"4,o,N,c,c,8,9","4,o,c,c,8,9",N,46
85v.1.10,"o,x,a,m","o,x,N,a,m",N,46
86r.5.3,"N,a,Z","a,Z",N,46
95vb.2.1,"c^c,c,8,9","8,N,c^c,c,9",N,46
95vb.2.2,"cc,8,9","N,cc,8,9",N,46
95vb.4.1,"c^c,c,8,9","N,c^c,c,8,9",N,46
96r.1.7,"o,N,Z","o,Z",N,46
100v.2.1,"9,N,cc,8,9","8,cc,8,9",N,46
101v.5.1,"cc,c,9","N,cc,c,9",N,46
102va.6.8,"N,o,Z","o,Z",N,46
102vb.5.3,"o,N,c,o,8,9","8,c,o,8,9",N,46
104v.7.2,"4,o,N,cc,c,9","4,o,cc,c,9",N,46
105r.8.1,"N,o,Z","o,Z",N,46
106r.1.3,"x,cc,c,8,9","x,N,cc,c,8,9",N,46
106v.12.2,"N,cc,c,8,9","cc,c,8,9",N,46
107r.9.2,"a,x","N,a,x",N,46
112r.1.8,"c,c,9","N,c,c,9",N,46
113r.11.1,"x,c^c,c,8,9","x,N,c^c,c,8,9",N,46
114r.3.2,"o,N,cc,8,9","cc,o,8,9",N,46
115v.3.2,"x,N,cc,c,9","x,cc,c,9",N,46
115v.4.2,"x,cc,c,8,9","x,N,cc,c,8,9",N,46
115v.8.3,"8,cc,c,c,8,9","N,cc,c,8,9",N,46
6r.1.6,"9,8,a,m","8,a,m",9,39
6v.2.3,"9,cc,o,Z","cc,o,Z",9,39
8r.2.3,"cc,o,M","cc,o,M,9",9,39
17v.1.5,"9,cc,o,x","cc,o,x",9,39
18r.2.4,"8,a,Z,9","8,a,Z",9,39
21v.1.3,"M,cc,o","cc,o,M,9",9,39
22r.4.3,"8,a,m","9,8,a,m",9,39
22v.2.2,"9,cc,o,Z","cc,o,Z",9,39
24v.2.4,"9,cc,o,x","cc,o,x",9,39
31v.1.2,"o,c,N,c,c,9","o,N,c,c,o",9,39
38r.1.6,"9,c^c,o","c^c,o",9,39
42v.2.2,"c,M,cc,9","M,cc,c,c,c",9,39
48r.1.8,"o,M,c,o,x","o,M,c,o,x,9",9,39
56r.1.4,"cc,o,N,o,Z","cc,N,o,Z,cc,9",9,39
58r.1.2,"M,a,x","9,M,a,x",9,39
58r.1.5,"a,Z","a,Z,9",9,39
58r.1.13,"o,x","o,x,9",9,39
58v.2.6,"o,N,a,x","o,N,a,x,9",9,39
66r.9.2,"8,a,i,Z,a,x,9","8,a,i,Z,a,x",9,39
75r.4.5,"4,o,N,c,8","4,o,N,c,8,9",9,39
77v.4.3,"8,a,x","8,a,x,9",9,39
77v.4.13,"4,o,N,c,8,9","4,o,N,c,8",9,39
77v.5.1,"8,a,x,9","8,a,x",9,39
80r.3.4,"o,N,a,x,o,x","o,N,a,x,9",9,39
81r.2.6,"o,x","o,x,9",9,39
83r.4.9,"2,9",2,9,39
83r.5.5,"2,a,Z,o,x,8,a,x","8,a,Z,o,x,2,9",9,39
86r.5.2,"P2,cc,o,Z","9,P2,cc,o,Z",9,39
88r.4.1,"2,a,x","2,a,x,9",9,39
90vb.1.4,"2,9",2,9,39
93v.1.8,"8,cc,o","cc,o,8,9",9,39
94v.3.2,"o,x,9","o,x",9,39
96r.1.12,"8,9",8,9,39
101r.1.1,"c^c,c,o,x","o,x,c^c,c,9",9,39
101r.3.2,"o,Z","o,Z,9",9,39
106r.1.1,"4,o,M,c,8,9","4,o,M,c,8",9,39
106r.1.2,"cc,c,8","cc,c,8,9",9,39
107r.8.2,"9,N,a,x","N,a,x",9,39
108r.1.2,"cc,o,N,c,8,9","cc,o,c,N,c,c,8",9,39
2v.2.2,"cc,9","cc,M,9",M,23
7v.1.5,"cc,c,c,9","M,cc,c,c,9",M,23
13r.2.1,"c^c,9","M,c^c,9",M,23
16r.2.1,"M,cc,o,Z","cc,o,Z",M,23
17v.1.14,"M,cc,o,Z,9","9,cc,o,Z",M,23
22v.2.4,"cc,o,x","M,cc,o,x",M,23
29v.1.4,"9,c^c,o","o,M,c^c,9",M,23
29v.1.4,"c^c,o,M","c^c,o",M,23
40r.1.6,"M,o,Z","o,Z",M,23
46r.3.1,"M,c^c,8,9","c^c,8,9",M,23
53v.1.8,"M,c^c,c,o,8,9","c^c,c,o,8,9",M,23
58r.3.2,"M,a,x","a,x",M,23
76r.1.28,"M,a,x,o,Z","o,x,a,x,o,Z",M,23
85v.3.2,"M,a,Z","a,Z",M,23
85v.3.10,"8,cc,c,8,9","cc,c,M,c,8,9",M,23
89va.5.4,"cc,M,9","cc,9",M,23
95rb.1.4,"M,o,Z","o,Z",M,23
105v.9.2,"M,a,m","a,m",M,23
107v.3.3,"c^c,c,8,9","M,c^c,c,8,9",M,23
108r.11.2,"cc,c,8,9","M,cc,c,8,9",M,23
111v.2.2,"c^c,c,c,9","M,c^c,c,c,9",M,23
112r.6.4,"M,a,Z","a,Z",M,23
113r.10.1,"M,cc,o,x","cc,o,x",M,23
19v.2.6,"o,M,9","9,M,o,Z",Z,19
30r.1.6,"cc,o,Z","cc,o",Z,19
33v.2.4,o,"o,Z",Z,19
50v.1.4,"o,x,a,m","o,x,Z,a,m",Z,19
52v.1.3,"cc,o,Z","cc,o",Z,19
56r.1.5,"cc,o","cc,o,Z",Z,19
56r.1.5,"cc,o,Z","cc,o",Z,19
56r.2.2,"9,M,cc,o,Z","o,M,cc,9",Z,19
75r.3.21,"o,x","x,o,Z",Z,19
75r.3.24,"x,o,Z","o,x",Z,19
77v.5.10,"8,o,x,cc,c,c,8,9","Z,o,x,cc,c,8,9",Z,19
80v.7.5,"c^c,c,9,Z","c^c,c,9",Z,19
81v.1.2,"o,x","Z,o,x",Z,19
81v.2.14,"Z,o,x","o,x",Z,19
101v.3.2,"o,Z",o,Z,19
101v.3.2,o,"o,Z",Z,19
111v.1.6,"o,N,c,c,o","o,N,c,c,o,Z",Z,19
115r.4.3,o,"Z,o",Z,19
115r.7.3,"x,o,Z","o,x",Z,19
1v.2.5,"cc,o,8,9","2,cc,o,8,9",2,16
4v.1.1,"8,o,x,8,2","8,x,o,8",2,16
13r.1.2,9,"2,9",2,16
58r.2.5,"o,x,c,c,c,9","o,x,c,c,2,c,9",2,16
78v.2.8,"o,x","o,x,2",2,16
79r.6.1,"o,x","2,o,x",2,16
83r.4.16,"2,o,x,cc,c,8,9","o,x,cc,c,8,9",2,16
83r.4.18,"2,o,x","o,x",2,16
90vb.2.3,"a,2,m","a,m",2,16
93r.1.11,"a,x","2,a,x",2,16
93r.1.29,"c,M,c,o","c,M,c,o,2",2,16
104r.8.2,"2,o,Z","o,Z",2,16
107v.1.3,"2,a,n","a,n",2,16
108v.10.1,"2,a,n","a,n",2,16
111v.1.20,"2,a,i,Z","a,i,Z",2,16
114r.11.3,"o,x,2","o,x",2,16
4v.2.6,"o,8,9","c^c,o,8,9",c^c,14
7v.1.3,"N,c^c,9","N,9",c^c,14
19r.1.9,"c^c,8,a,m","8,a,m",c^c,14
29v.2.3,"8,9","c^c,8,9",c^c,14
41r.1.3,"c^c,c,N,cc,9","cc,c,N,9",c^c,14
44v.3.2,"x,o","x,c^c,o",c^c,14
76v.4.1,"4,o,N,c^c,c,8,9","4,o,N,c,8,9",c^c,14
78v.2.8,"c^c,Z",Z,c^c,14
79v.1.3,"4,o,N,c^c,c,8,9","4,o,N,c,8,9",c^c,14
84r.7.8,"c^c,c,N,c,cc,9","cc,c,N,c,9",c^c,14
84v.3.13,"o,N,c,9","o,N,c,c^c,9",c^c,14
90va.2.3,"c^c,c,o,c,M,9","o,M,c,c,9",c^c,14
95rb.2.2,"o,x","c^c,o,x",c^c,14
108v.3.5,"c^c,c,8,9","8,c,c,8,9",c^c,14
66r.14.2,"cc,c,8,9","P2,cc,c,8,9",P2,9
75r.1.5,"cc,c,9","P2,cc,c,9",P2,9
79v.7.1,"P2,o,x","o,x",P2,9
80v.4.1,"Z,o,Z","o,P2,o,Z",P2,9
80v.8.6,"P2,o,x","o,x",P2,9
81v.2.7,"cc,8,9","P2,cc,8,9",P2,9
86r.5.1,"P2,c^c,o,8,9","c^c,o,8,9",P2,9
94v.3.1,"P2,a,Z","a,Z",P2,9
101r.3.1,"c^c,c,o,a,Z","c^c,c,o,Z",a,9
107r.7.1,"P2,a,x","a,x",P2,9
108v.8.1,"x,2","2,a,x",a,9
111r.7.2,"a,x",x,a,9
111v.1.8,"a,x",x,a,9
112r.5.1,"4,o,a,m","4,o,m",a,9
114r.3.2,"o,a,Z","o,Z",a,9
115r.3.2,Z,"a,Z",a,9
115v.5.3,Z,"a,Z",a,9
116r.7.3,"a,Z",Z,a,9
2v.2.4,"cc,i,o,x","cc,o,x",i,5
58r.2.1,"a,Z","a,i,Z",i,5
87v.2.4,"a,n,Q","a,Q",n,5
89ra.5.2,"x,8,a,n","8,a,x",n,5
108r.3.2,"a,Z","a,i,Z",i,5
111r.14.2,"x,a,n","a,x",n,5
113v.14.2,"x,a,n","a,x",n,5
114r.5.2,"o,M,a,i,Z","o,M,a,Z",i,5
114r.9.2,"a,i,Z","a,Z",i,5
115r.12.1,"a,n,Z","a,Z",n,5
17r.1.1,"8,a,Z,a,Q","8,8,a,Z",Q,4
24v.1.2,"o,N,cc,o,Q","o,N,cc,o",Q,4
49v.2.3,"8,cc,o","8,cc,o,Q",Q,4
107r.14.1,"o,Q",o,Q,4
101v.5.1,"?,?","?,?,m",m,3
108r.4.3,"Z,a,m","a,Z",m,3
116r.7.4,"a,Z","Z,a,m",m,3
45r.3.2,"?,o,Z","o,Z",?,2
57r.1.3,"cc,c,o,8,9","cc,c,?,o,8,9",?,2
89va.5.4,"o,x","x,o,9?",9?,1
113v.5.3,"2?,a,Z","a,Z",2?,1
