line,0,1,swap,n,n2
39r.2.2,"a,Z","a,x",Z → x,47,16
55r.1.2,"a,Z","a,x",Z → x,47,16
58r.1.5,"a,Z","a,x",Z → x,47,16
90rb.1.3,"a,Z","a,x",Z → x,47,16
105v.8.4,"a,Z","a,x",Z → x,47,16
106v.9.1,"a,Z","a,x",Z → x,47,16
111r.1.4,"a,Z","a,x",Z → x,47,16
111r.7.2,"a,Z","a,x",Z → x,47,16
113r.2.1,"a,Z","a,x",Z → x,47,16
113r.15.2,"a,Z","a,x",Z → x,47,16
113v.1.2,"a,Z","a,x",Z → x,47,16
113v.3.1,"a,Z","a,x",Z → x,47,16
113v.4.1,"a,Z","a,x",Z → x,47,16
115r.3.1,"a,Z","a,x",Z → x,47,16
115r.10.1,"a,Z","a,x",Z → x,47,16
115v.1.4,"a,Z","a,x",Z → x,47,16
34v.1.3,"o,Z","o,x",Z → x,47,10
54r.2.4,"o,Z","o,x",Z → x,47,10
54r.2.6,"o,Z","o,x",Z → x,47,10
78v.2.6,"o,Z","o,x",Z → x,47,10
84r.2.2,"o,Z","o,x",Z → x,47,10
101r.1.2,"o,Z","o,x",Z → x,47,10
101r.2.1,"o,Z","o,x",Z → x,47,10
101v.4.1,"o,Z","o,x",Z → x,47,10
102va.4.3,"o,Z","o,x",Z → x,47,10
104v.10.2,"o,Z","o,x",Z → x,47,10
2v.2.2,"cc,o,Z","cc,o,x",Z → x,47,7
3r.1.8,"cc,o,Z","cc,o,x",Z → x,47,7
16v.1.5,"cc,o,Z","cc,o,x",Z → x,47,7
21r.3.5,"cc,o,Z","cc,o,x",Z → x,47,7
28v.1.3,"cc,o,Z","cc,o,x",Z → x,47,7
32v.2.4,"cc,o,Z","cc,o,x",Z → x,47,7
100r.3.4,"cc,o,Z","cc,o,x",Z → x,47,7
4r.2.4,"c^c,o,Z","c^c,o,x",Z → x,47,5
37r.2.3,"c^c,o,Z","c^c,o,x",Z → x,47,5
42r.2.2,"c^c,o,Z","c^c,o,x",Z → x,47,5
49r.1.1,"c^c,o,Z","c^c,o,x",Z → x,47,5
93r.1.7,"c^c,o,Z","c^c,o,x",Z → x,47,5
81v.2.10,"4,o,N,a,Z","4,o,N,a,x",Z → x,47,3
107v.4.4,"4,o,N,a,Z","4,o,N,a,x",Z → x,47,3
108v.2.1,"4,o,N,a,Z","4,o,N,a,x",Z → x,47,3
18r.2.2,"8,a,Z","8,a,x",Z → x,47,1
18r.2.8,"c,M,c,a,Z","c,M,c,a,x",Z → x,47,1
52v.1.4,"c,M,c,c,o,Z","c,M,c,c,o,x",Z → x,47,1
89rb.6.1,"o,P2,cc,c,o,Z","o,P2,cc,c,o,x",Z → x,47,1
102va.4.2,"o,N,c,o,Z","o,N,c,o,x",Z → x,47,1
105v.8.2,"o,M,a,Z","o,M,a,x",Z → x,47,1
15r.1.10,"o,N,a,m","o,M,a,m",N → M,40,7
38r.1.3,"o,N,a,m","o,M,a,m",N → M,40,7
105v.10.3,"o,N,a,m","o,M,a,m",N → M,40,7
107r.10.1,"o,N,a,m","o,M,a,m",N → M,40,7
107v.10.1,"o,N,a,m","o,M,a,m",N → M,40,7
112v.2.3,"o,N,a,m","o,M,a,m",N → M,40,7
114v.10.3,"o,N,a,m","o,M,a,m",N → M,40,7
48v.1.6,"o,N,a,Z","o,M,a,Z",N → M,40,4
75r.5.3,"o,N,a,Z","o,M,a,Z",N → M,40,4
75r.5.5,"o,N,a,Z","o,M,a,Z",N → M,40,4
76r.3.3,"o,N,c,8,9","o,M,c,8,9",N → M,40,4
84r.5.4,"o,N,c,8,9","o,M,c,8,9",N → M,40,4
85r.7.4,"o,N,a,Z","o,M,a,Z",N → M,40,4
108r.1.3,"o,N,c,8,9","o,M,c,8,9",N → M,40,4
108r.10.2,"o,N,c,8,9","o,M,c,8,9",N → M,40,4
31r.2.1,"4,o,N,c,8,9","4,o,M,c,8,9",N → M,40,3
41r.1.3,"4,o,N,c,8,9","4,o,M,c,8,9",N → M,40,3
77v.4.9,"4,o,N,c,8,9","4,o,M,c,8,9",N → M,40,3
33r.1.5,"o,N,a,x","o,M,a,x",N → M,40,2
58r.2.3,"o,N,a,x","o,M,a,x",N → M,40,2
7v.1.3,"N,9","M,9",N → M,40,1
11v.1.3,"N,cc,9","M,cc,9",N → M,40,1
24r.1.12,"4,o,N,cc,9","4,o,M,cc,9",N → M,40,1
28r.1.7,"c^c,o,c,N,c,9","c^c,o,c,M,c,9",N → M,40,1
30v.1.7,"N,cc,o","M,cc,o",N → M,40,1
34r.2.2,"cc,c,N,c,9","cc,c,M,c,9",N → M,40,1
38v.1.6,"N,c,9","M,c,9",N → M,40,1
66v.2.3,"cc,c,N,9","cc,c,M,9",N → M,40,1
80r.2.2,"4,o,N,a,n","4,o,M,a,n",N → M,40,1
85r.1.5,"N,c,8,9","M,c,8,9",N → M,40,1
87v.1.3,"o,N,c,9","o,M,c,9",N → M,40,1
93r.1.11,"o,N,c,o,x","o,M,c,o,x",N → M,40,1
102rb.4.1,"4,o,N,c,c,9","4,o,M,c,c,9",N → M,40,1
104r.8.1,"4,o,N,a,m","4,o,M,a,m",N → M,40,1
105r.4.2,"o,N,c,c,o,x","o,M,c,c,o,x",N → M,40,1
108v.3.2,"o,N,c,c,8,9","o,M,c,c,8,9",N → M,40,1
108v.12.3,"N,a,Z","M,a,Z",N → M,40,1
108v.13.1,"4,o,N,c,c,8,9","4,o,M,c,c,8,9",N → M,40,1
111r.1.2,"o,N,c,c,9","o,M,c,c,9",N → M,40,1
112r.1.5,"o,N,o,8,9","o,M,o,8,9",N → M,40,1
2v.2.2,"cc,o,x","cc,o,Z",x → Z,36,7
9v.1.2,"cc,o,x","cc,o,Z",x → Z,36,7
15v.1.12,"cc,o,x","cc,o,Z",x → Z,36,7
16v.2.3,"cc,o,x","cc,o,Z",x → Z,36,7
42v.1.1,"cc,o,x","cc,o,Z",x → Z,36,7
47r.2.2,"cc,o,x","cc,o,Z",x → Z,36,7
48v.1.6,"o,x","o,Z",x → Z,36,7
49r.2.3,"o,x","o,Z",x → Z,36,7
49v.3.8,"cc,o,x","cc,o,Z",x → Z,36,7
78v.2.6,"o,x","o,Z",x → Z,36,7
79r.7.2,"o,x","o,Z",x → Z,36,7
84r.5.2,"o,x","o,Z",x → Z,36,7
102va.4.3,"o,x","o,Z",x → Z,36,7
112r.6.3,"o,x","o,Z",x → Z,36,7
23v.2.4,"8,a,x","8,a,Z",x → Z,36,5
77v.3.8,"8,a,x","8,a,Z",x → Z,36,5
81v.1.1,"8,a,x","8,a,Z",x → Z,36,5
84v.2.12,"8,a,x","8,a,Z",x → Z,36,5
106v.2.3,"8,a,x","8,a,Z",x → Z,36,5
48r.1.7,"a,x","a,Z",x → Z,36,3
58v.4.5,"o,N,a,x","o,N,a,Z",x → Z,36,3
82r.3.2,"o,N,a,x","o,N,a,Z",x → Z,36,3
86r.3.1,"a,x","a,Z",x → Z,36,3
112v.2.2,"o,N,a,x","o,N,a,Z",x → Z,36,3
113r.1.2,"a,x","a,Z",x → Z,36,3
111r.5.1,x,Z,x → Z,36,2
115v.12.2,x,Z,x → Z,36,2
7v.2.2,"8,o,x","8,o,Z",x → Z,36,1
45v.1.4,"8,a,i,x","8,a,i,Z",x → Z,36,1
52r.1.5,"o,N,cc,a,x","o,N,cc,a,Z",x → Z,36,1
55v.2.4,"9,N,a,x","9,N,a,Z",x → Z,36,1
58r.1.2,"9,M,a,x","9,M,a,Z",x → Z,36,1
82r.4.10,"x,cc,c,8,9","Z,cc,c,8,9",x → Z,36,1
86r.5.4,"M,a,x","M,a,Z",x → Z,36,1
96r.1.1,"c,P2,c,c,o,x","c,P2,c,c,o,Z",x → Z,36,1
113r.9.2,"cc,a,x","cc,a,Z",x → Z,36,1
5v.1.5,"8,a,m","8,a,x",m → x,33,11
21v.1.3,"8,a,m","8,a,x",m → x,33,11
23r.3.4,"8,a,m","8,a,x",m → x,33,11
36v.2.2,"8,a,m","8,a,x",m → x,33,11
66r.5.3,"8,a,m","8,a,x",m → x,33,11
66r.9.2,"8,a,m","8,a,x",m → x,33,11
84v.2.15,"8,a,m","8,a,x",m → x,33,11
85r.2.2,"8,a,m","8,a,x",m → x,33,11
89ra.4.2,"8,a,m","8,a,x",m → x,33,11
89rb.6.2,"8,a,m","8,a,x",m → x,33,11
108r.5.3,"8,a,m","8,a,x",m → x,33,11
54r.2.7,"a,m","a,x",m → x,33,8
58v.2.5,"a,m","a,x",m → x,33,8
104v.8.1,"a,m","a,x",m → x,33,8
105v.2.2,"a,m","a,x",m → x,33,8
107v.15.1,"a,m","a,x",m → x,33,8
113r.2.3,"a,m","a,x",m → x,33,8
114r.10.2,"a,m","a,x",m → x,33,8
114r.11.4,"a,m","a,x",m → x,33,8
26v.1.3,"o,M,c,8,9","o,N,c,8,9",M → N,33,6
39v.2.7,"o,M,c,8,9","o,N,c,8,9",M → N,33,6
76r.3.3,"o,M,c,8,9","o,N,c,8,9",M → N,33,6
84v.2.12,"o,M,c,8,9","o,N,c,8,9",M → N,33,6
108r.10.2,"o,M,c,8,9","o,N,c,8,9",M → N,33,6
108r.15.2,"o,M,c,8,9","o,N,c,8,9",M → N,33,6
50r.1.7,"o,M,a,m","o,M,a,x",m → x,33,6
105v.3.5,"o,M,a,m","o,M,a,x",m → x,33,6
105v.4.2,"o,M,a,m","o,M,a,x",m → x,33,6
106v.6.2,"o,M,a,m","o,M,a,x",m → x,33,6
114v.10.3,"o,M,a,m","o,M,a,x",m → x,33,6
114v.12.2,"o,M,a,m","o,M,a,x",m → x,33,6
18v.1.9,"4,o,M,cc,9","4,o,N,cc,9",M → N,33,5
21v.1.2,"4,o,M,cc,9","4,o,N,cc,9",M → N,33,5
32r.1.5,"4,o,M,cc,9","4,o,N,cc,9",M → N,33,5
44r.3.2,"4,o,M,cc,9","4,o,N,cc,9",M → N,33,5
115r.11.2,"4,o,M,cc,9","4,o,N,cc,9",M → N,33,5
85r.3.5,"o,N,a,m","o,N,a,x",m → x,33,3
107v.5.2,"o,N,a,m","o,N,a,x",m → x,33,3
108r.4.2,"o,N,a,m","o,N,a,x",m → x,33,3
76r.1.27,"cc,c,M,c,9","cc,c,N,c,9",M → N,33,2
77r.4.2,"4,o,M,c,c,8,9","4,o,N,c,c,8,9",M → N,33,2
78r.3.12,"4,o,M,a,m","4,o,N,a,m",M → N,33,2
82r.4.8,"4,o,M,c,c,8,9","4,o,N,c,c,8,9",M → N,33,2
85v.4.6,"4,o,M,a,m","4,o,N,a,m",M → N,33,2
104v.12.2,"4,o,M,a,n","4,o,N,a,n",M → N,33,2
115v.5.3,"4,o,M,a,n","4,o,N,a,n",M → N,33,2
116r.8.5,"cc,c,M,c,9","cc,c,N,c,9",M → N,33,2
106v.8.3,"cc,8,a,m","cc,8,a,x",m → x,33,2
114v.5.3,"cc,8,a,m","cc,8,a,x",m → x,33,2
16r.2.1,"M,9","N,9",M → N,33,1
20r.3.1,"4,o,M,cc,c,9","4,o,N,cc,c,9",M → N,33,1
45r.2.2,"o,M,cc,a,Z","o,N,cc,a,Z",M → N,33,1
50v.1.9,"o,M,a,m","o,N,a,m",M → N,33,1
55r.2.1,"4,o,M,cc,8,9","4,o,N,cc,8,9",M → N,33,1
58v.4.2,"o,M,a,n","o,N,a,n",M → N,33,1
77v.3.1,"4,o,M,c,8,9","4,o,N,c,8,9",M → N,33,1
79r.5.2,"o,M,9","o,N,9",M → N,33,1
85r.1.5,"M,cc,c,8,9","N,cc,c,8,9",M → N,33,1
104v.3.4,"4,o,M,o,x","4,o,N,o,x",M → N,33,1
108r.2.1,"o,M,c,c,9","o,N,c,c,9",M → N,33,1
113r.6.2,"cc,o,M,a,Z","cc,o,N,a,Z",M → N,33,1
113r.12.2,"o,M,a,Z","o,N,a,Z",M → N,33,1
115r.13.2,"4,o,M,cc,c,8,9","4,o,N,cc,c,8,9",M → N,33,1
7r.2.4,"cc,o,m","cc,o,x",m → x,33,1
23v.2.6,"o,m","o,x",m → x,33,1
107r.8.2,"9,N,a,m","9,N,a,x",m → x,33,1
39r.3.1,"a,Z","a,m",Z → m,27,22
39r.3.2,"a,Z","a,m",Z → m,27,22
43v.3.3,"a,Z","a,m",Z → m,27,22
55r.1.2,"a,Z","a,m",Z → m,27,22
76r.1.11,"a,Z","a,m",Z → m,27,22
85r.1.2,"a,Z","a,m",Z → m,27,22
85r.3.4,"a,Z","a,m",Z → m,27,22
86r.3.3,"a,Z","a,m",Z → m,27,22
86r.4.3,"a,Z","a,m",Z → m,27,22
86r.4.4,"a,Z","a,m",Z → m,27,22
104r.1.2,"a,Z","a,m",Z → m,27,22
104r.12.1,"a,Z","a,m",Z → m,27,22
106r.14.3,"a,Z","a,m",Z → m,27,22
108r.4.1,"a,Z","a,m",Z → m,27,22
108v.4.1,"a,Z","a,m",Z → m,27,22
112v.1.3,"a,Z","a,m",Z → m,27,22
113r.16.2,"a,Z","a,m",Z → m,27,22
113v.12.3,"a,Z","a,m",Z → m,27,22
113v.12.4,"a,Z","a,m",Z → m,27,22
114v.9.1,"a,Z","a,m",Z → m,27,22
114v.9.3,"a,Z","a,m",Z → m,27,22
115r.7.3,"a,Z","a,m",Z → m,27,22
8v.1.5,"8,a,Z","8,a,m",Z → m,27,2
22r.2.2,"8,a,Z","8,a,m",Z → m,27,2
8r.3.4,"cc,a,Z","cc,a,m",Z → m,27,1
81r.2.14,"o,x,N,a,Z","o,x,N,a,m",Z → m,27,1
86r.1.6,"9,M,a,Z","9,M,a,m",Z → m,27,1
3v.1.3,"cc,o,x","c^c,o,x",cc → c^c,22,5
21r.3.4,"cc,o,x","c^c,o,x",cc → c^c,22,5
42r.2.5,"cc,o,x","c^c,o,x",cc → c^c,22,5
42r.3.5,"cc,o,x","c^c,o,x",cc → c^c,22,5
42r.3.6,"cc,o,x","c^c,o,x",cc → c^c,22,5
4v.1.3,"cc,a,m","c^c,a,m",cc → c^c,22,3
8v.1.3,"cc,a,m","c^c,a,m",cc → c^c,22,3
29v.2.2,"cc,a,m","c^c,a,m",cc → c^c,22,3
76v.6.2,"cc,c,8,9","c^c,c,8,9",cc → c^c,22,3
79r.7.1,"cc,c,8,9","c^c,c,8,9",cc → c^c,22,3
104v.2.1,"cc,c,8,9","c^c,c,8,9",cc → c^c,22,3
11r.2.1,"cc,o,Z","c^c,o,Z",cc → c^c,22,2
17r.2.2,"cc,o,Z","c^c,o,Z",cc → c^c,22,2
37r.3.3,"cc,9","c^c,9",cc → c^c,22,2
90va.1.3,"cc,9","c^c,9",cc → c^c,22,2
3r.1.7,"cc,o,Q","c^c,o,Q",cc → c^c,22,1
25r.1.3,"4,o,M,cc,9","4,o,M,c^c,9",cc → c^c,22,1
27v.1.2,"8,cc,9","8,c^c,9",cc → c^c,22,1
28v.2.2,"4,o,M,cc,c,9","4,o,M,c^c,c,9",cc → c^c,22,1
33v.2.1,"cc,8,9","c^c,8,9",cc → c^c,22,1
76r.1.15,"cc,c,N,c,9","c^c,c,N,c,9",cc → c^c,22,1
115v.1.3,"4,o,N,cc,c,8,9","4,o,N,c^c,c,8,9",cc → c^c,22,1
46v.1.3,"c^c,c,8,9","cc,c,8,9",c^c → cc,18,8
66r.5.3,"c^c,c,8,9","cc,c,8,9",c^c → cc,18,8
76v.1.2,"c^c,c,8,9","cc,c,8,9",c^c → cc,18,8
76v.3.8,"c^c,c,8,9","cc,c,8,9",c^c → cc,18,8
77r.4.10,"c^c,c,8,9","cc,c,8,9",c^c → cc,18,8
77v.3.7,"c^c,c,8,9","cc,c,8,9",c^c → cc,18,8
77v.3.8,"c^c,c,8,9","cc,c,8,9",c^c → cc,18,8
104r.2.3,"c^c,c,8,9","cc,c,8,9",c^c → cc,18,8
21r.3.4,"c^c,o,x","cc,o,x",c^c → cc,18,3
42r.3.5,"c^c,o,x","cc,o,x",c^c → cc,18,3
42r.3.6,"c^c,o,x","cc,o,x",c^c → cc,18,3
10r.2.4,"c^c,o,Z","cc,o,Z",c^c → cc,18,2
29r.2.4,"c^c,o,Z","cc,o,Z",c^c → cc,18,2
4v.2.6,"c^c,a,Z","cc,a,Z",c^c → cc,18,1
39v.2.2,"c^c,c,N","cc,c,N",c^c → cc,18,1
66r.14.1,"x,c^c,c,8,9","x,cc,c,8,9",c^c → cc,18,1
84r.3.2,"c^c,c,N,c,9","cc,c,N,c,9",c^c → cc,18,1
111r.7.2,"c^c,c,9","cc,c,9",c^c → cc,18,1
75v.4.6,"8,a,x","8,a,m",x → m,17,5
77v.4.8,"8,a,x","8,a,m",x → m,17,5
77v.5.2,"8,a,x","8,a,m",x → m,17,5
103v.1.1,"8,a,x","8,a,m",x → m,17,5
108r.5.3,"8,a,x","8,a,m",x → m,17,5
76r.1.10,"o,N,a,x","o,N,a,m",x → m,17,3
99v.7.2,"o,N,a,x","o,N,a,m",x → m,17,3
113v.5.2,"o,N,a,x","o,N,a,m",x → m,17,3
15v.1.8,"o,x","o,m",x → m,17,2
58v.1.4,"4,o,N,a,x","4,o,N,a,m",x → m,17,2
77v.5.4,"4,o,N,a,x","4,o,N,a,m",x → m,17,2
107r.11.2,"o,x","o,m",x → m,17,2
108r.1.2,"o,M,a,x","o,M,a,m",x → m,17,2
114v.10.2,"o,M,a,x","o,M,a,m",x → m,17,2
20v.1.2,"cc,o,x","cc,o,m",x → m,17,1
58r.1.13,"cc,a,x","cc,a,m",x → m,17,1
86r.2.3,"9,N,a,x","9,N,a,m",x → m,17,1
10v.2.4,"8,a,m","8,a,n",m → n,16,10
14r.1.1,"8,a,m","8,a,n",m → n,16,10
30v.1.4,"8,a,m","8,a,n",m → n,16,10
35r.1.5,"8,a,m","8,a,n",m → n,16,10
35v.1.17,"8,a,m","8,a,n",m → n,16,10
37v.2.2,"8,a,m","8,a,n",m → n,16,10
38v.1.7,"8,a,m","8,a,n",m → n,16,10
42r.2.6,"8,a,m","8,a,n",m → n,16,10
49v.1.12,"8,a,m","8,a,n",m → n,16,10
84r.7.9,"8,a,m","8,a,n",m → n,16,10
10r.2.3,"8,a,m","8,a,Z",m → Z,16,6
20r.3.4,"8,a,m","8,a,Z",m → Z,16,6
39r.3.6,"8,a,m","8,a,Z",m → Z,16,6
89vb.2.7,"8,a,m","8,a,Z",m → Z,16,6
93v.1.2,"8,a,m","8,a,Z",m → Z,16,6
114r.3.2,"8,a,m","8,a,Z",m → Z,16,6
66v.3.3,"o,M,a,m","o,M,a,Z",m → Z,16,3
105v.8.2,"o,M,a,m","o,M,a,Z",m → Z,16,3
107r.10.1,"o,M,a,m","o,M,a,Z",m → Z,16,3
78v.2.12,"o,M,a,m","o,M,a,n",m → n,16,3
104r.13.3,"o,M,a,m","o,M,a,n",m → n,16,3
106v.10.2,"o,M,a,m","o,M,a,n",m → n,16,3
76r.1.11,"a,m","a,Z",m → Z,16,2
85v.3.9,"4,o,N,a,m","4,o,N,a,Z",m → Z,16,2
85v.4.5,"a,m","a,Z",m → Z,16,2
107r.3.1,"4,o,N,a,m","4,o,N,a,Z",m → Z,16,2
40r.1.4,"o,N,a,m","o,N,a,Z",m → Z,16,1
104r.1.2,"cc,c,o,8,a,m","cc,c,o,8,a,Z",m → Z,16,1
107r.10.3,"x,N,a,m","x,N,a,Z",m → Z,16,1
78v.2.8,"o,x,N,a,m","o,x,N,a,n",m → n,16,1
82v.6.2,"o,N,a,m","o,N,a,n",m → n,16,1
82v.6.7,"4,o,N,a,m","4,o,N,a,n",m → n,16,1
23v.2.4,"a,Z","o,Z",a → o,15,7
40r.1.5,"a,Z","o,Z",a → o,15,7
76r.1.4,"a,Z","o,Z",a → o,15,7
78v.2.12,"a,Z","o,Z",a → o,15,7
81r.2.15,"a,Z","o,Z",a → o,15,7
86r.5.3,"a,Z","o,Z",a → o,15,7
108v.8.1,"a,Z","o,Z",a → o,15,7
1v.1.3,"8,a,x","8,o,x",a → o,15,3
66r.9.2,"8,a,x","8,o,x",a → o,15,3
78v.1.2,"8,a,x","8,o,x",a → o,15,3
81v.1.2,"a,x","o,x",a → o,15,2
107r.10.2,"a,x","o,x",a → o,15,2
17v.1.13,"cc,a,x","cc,o,x",a → o,15,1
96v.1.2,"9,M,c,a,Z","9,M,c,o,Z",a → o,15,1
108v.15.2,"cc,c,a,x","cc,c,o,x",a → o,15,1
10v.1.2,"8,a,n","8,a,m",n → m,14,9
32r.1.3,"8,a,n","8,a,m",n → m,14,9
32r.1.4,"8,a,n","8,a,m",n → m,14,9
32r.2.8,"8,a,n","8,a,m",n → m,14,9
32v.1.3,"8,a,n","8,a,m",n → m,14,9
37r.3.4,"8,a,n","8,a,m",n → m,14,9
38v.1.6,"8,a,n","8,a,m",n → m,14,9
84v.3.8,"8,a,n","8,a,m",n → m,14,9
102ra.3.3,"8,a,n","8,a,m",n → m,14,9
80r.6.1,"o,N,a,n","o,N,a,m",n → m,14,2
107r.6.1,"o,N,a,n","o,N,a,m",n → m,14,2
85v.4.13,"4,o,N,a,n","4,o,N,a,m",n → m,14,1
95ra.2.2,"cc,8,a,n","cc,8,a,m",n → m,14,1
95vb.3.2,"cc,c,8,a,n","cc,c,8,a,m",n → m,14,1
34r.3.5,"o,Z","a,Z",o → a,13,5
40r.1.6,"o,Z","a,Z",o → a,13,5
50r.1.4,"o,Z","a,Z",o → a,13,5
76r.1.4,"o,Z","a,Z",o → a,13,5
115r.7.3,"o,Z","a,Z",o → a,13,5
3v.1.5,"cc,o,Z","cc,a,Z",o → a,13,3
15v.1.5,"cc,o,Z","cc,a,Z",o → a,13,3
27r.1.4,"cc,o,Z","cc,a,Z",o → a,13,3
34r.3.5,"o,x","a,x",o → a,13,2
58v.2.4,"o,x","a,x",o → a,13,2
19v.2.6,"9,M,o,Z","9,M,a,Z",o → a,13,1
30v.1.3,"8,o,m","8,a,m",o → a,13,1
80v.2.3,"M,o,x","M,a,x",o → a,13,1
76v.2.2,"4,o,N,c,c,9","4,o,N,c,8,9",$ → 8,11,9
78r.2.22,"4,o,N,c,c,9","4,o,N,c,8,9",$ → 8,11,9
79v.3.3,"4,o,N,c,c,9","4,o,N,c,8,9",$ → 8,11,9
83r.3.3,"4,o,N,c,c,9","4,o,N,c,8,9",$ → 8,11,9
83r.4.1,"4,o,N,c,c,9","4,o,N,c,8,9",$ → 8,11,9
107r.3.1,"4,o,N,c,c,9","4,o,N,c,8,9",$ → 8,11,9
111r.3.1,"4,o,N,c,c,9","4,o,N,c,8,9",$ → 8,11,9
111r.8.1,"4,o,N,c,c,9","4,o,N,c,8,9",$ → 8,11,9
112r.2.1,"4,o,N,c,c,9","4,o,N,c,8,9",$ → 8,11,9
11v.1.2,"8,a,m","8,a,Q",m → Q,11,6
22v.2.3,"8,a,m","8,a,Q",m → Q,11,6
23r.1.2,"8,a,m","8,a,Q",m → Q,11,6
32r.2.3,"8,a,m","8,a,Q",m → Q,11,6
34r.3.3,"8,a,m","8,a,Q",m → Q,11,6
42r.2.7,"8,a,m","8,a,Q",m → Q,11,6
108v.5.4,"a,m","a,Q",m → Q,11,4
111v.1.15,"a,m","a,Q",m → Q,11,4
112v.4.1,"a,m","a,Q",m → Q,11,4
114v.8.2,"a,m","a,Q",m → Q,11,4
76r.1.1,"cc,c,P2,c,9","cc,c,P2,8,9",$ → 8,11,1
104v.4.1,"o,M,c,c,c,9","o,M,c,c,8,9",$ → 8,11,1
40v.1.3,"o,N,a,m","o,N,a,Q",m → Q,11,1
13r.1.2,"cc,o,x","8,o,x",cc → 8,10,6
17v.1.5,"cc,o,x","8,o,x",cc → 8,10,6
20r.2.3,"cc,o,x","8,o,x",cc → 8,10,6
32r.1.3,"cc,o,x","8,o,x",cc → 8,10,6
88r.6.6,"cc,o,x","8,o,x",cc → 8,10,6
101r.3.4,"cc,o,x","8,o,x",cc → 8,10,6
31v.1.3,o,x,o → x,10,4
105v.10.2,o,x,o → x,10,4
111v.1.17,o,x,o → x,10,4
115v.12.2,o,x,o → x,10,4
4r.2.8,"cc,a,m","8,a,m",cc → 8,10,2
11r.1.3,"cc,a,m","8,a,m",cc → 8,10,2
79v.7.1,"o,N,c,c,9","x,N,c,c,9",o → x,10,2
108r.12.1,"o,N,c,c,9","x,N,c,c,9",o → x,10,2
16v.2.4,"cc,9","8,9",cc → 8,10,1
45r.3.2,"cc,a,n","8,a,n",cc → 8,10,1
81v.2.2,"o,N,9","x,N,9",o → x,10,1
107r.2.3,"o,M,c,c,9","x,M,c,c,9",o → x,10,1
108r.3.2,"o,N,c,8,9","x,N,c,8,9",o → x,10,1
111r.14.5,"o,N,c,c,8,9","x,N,c,c,8,9",o → x,10,1
17v.1.20,"9,N,c,c,9","o,N,c,c,9",$ → o,9,4
79r.6.1,"9,N,c,c,9","o,N,c,c,9",$ → o,9,4
102rb.3.4,"9,N,c,c,9","o,N,c,c,9",$ → o,9,4
103v.11.3,"9,N,c,c,9","o,N,c,c,9",$ → o,9,4
27r.1.2,"8,a,n","8,a,Z",n → Z,9,2
58v.3.2,"o,N,a,n","o,N,a,Z",n → Z,9,2
80v.7.1,"o,N,a,n","o,N,a,Z",n → Z,9,2
104r.6.2,"a,n","a,Z",n → Z,9,2
111r.11.2,"a,n","a,Z",n → Z,9,2
114v.4.2,"8,a,n","8,a,Z",n → Z,9,2
43r.1.3,"9,M,9","o,M,9",$ → o,9,1
75v.5.2,"9,M,c,8,9","o,M,c,8,9",$ → o,9,1
76v.1.5,"9,N,c,8,9","o,N,c,8,9",$ → o,9,1
78v.1.2,"c,M,c,8,9","o,M,c,8,9",$ → o,9,1
104r.2.4,"x,N,c,c,8,9","x,N,c,o,8,9",$ → o,9,1
80r.2.3,"4,o,N,a,n","4,o,N,a,Z",n → Z,9,1
80v.7.6,"o,x,N,a,n","o,x,N,a,Z",n → Z,9,1
112r.1.4,"o,M,a,n","o,M,a,Z",n → Z,9,1
76r.1.4,"4,o,N,c,8,9","4,o,N,c,c,9",8 → $,8,3
77r.2.13,"4,o,N,c,8,9","4,o,N,c,c,9",8 → $,8,3
84v.2.14,"4,o,N,c,8,9","4,o,N,c,c,9",8 → $,8,3
79r.3.6,"o,M,a,n","o,M,a,x",n → x,8,3
82v.8.3,"o,M,a,n","o,M,a,x",n → x,8,3
108v.12.1,"a,n","a,x",n → x,8,3
112v.4.5,"a,n","a,x",n → x,8,3
113r.2.3,"o,M,a,n","o,M,a,x",n → x,8,3
116r.6.8,"a,n","a,x",n → x,8,3
75v.5.3,"o,M,c,8,9","o,M,c,c,9",8 → $,8,2
116r.2.3,"o,M,c,8,9","o,M,c,c,9",8 → $,8,2
40v.2.1,"cc,c,8,9","N,c,8,9",cc → N,8,2
107v.15.2,"cc,c,8,9","N,c,8,9",cc → N,8,2
85r.8.3,"o,M,a,Z","9,M,a,Z",o → 9,8,2
115r.13.3,"o,M,a,Z","9,M,a,Z",o → 9,8,2
106v.4.2,"o,M,a,x","o,M,a,Q",x → Q,8,2
107r.11.4,"o,M,a,x","o,M,a,Q",x → Q,8,2
112r.9.1,"o,N,c,8,9","o,N,c,c,9",8 → $,8,1
112v.4.4,"4,o,N,c,c,8,9","4,o,N,c,c,c,9",8 → $,8,1
112v.9.1,"4,o,P2,cc,c,8,9","4,o,P2,cc,c,c,9",8 → $,8,1
5r.1.2,"o,cc,c,9","o,N,c,9",cc → N,8,1
45v.1.3,"cc,9","N,9",cc → N,8,1
75v.5.7,"2,o,x,cc,c,8,9","2,o,x,N,c,8,9",cc → N,8,1
107r.7.2,"cc,a,x","N,a,x",cc → N,8,1
108v.14.2,"cc,c,o,x","N,c,o,x",cc → N,8,1
111r.13.2,"cc,c,c,o,x","N,c,c,o,x",cc → N,8,1
42r.2.5,"8,a,n","8,a,x",n → x,8,1
50v.1.3,"o,N,a,n","o,N,a,x",n → x,8,1
1v.1.3,"c,N,c,o","c,N,c,9",o → 9,8,1
8r.3.1,"c,M,c,o","c,M,c,9",o → 9,8,1
32r.2.13,"c^c,o","c^c,9",o → 9,8,1
47v.2.4,"M,cc,o","M,cc,9",o → 9,8,1
50r.1.5,"o,N,a,n","9,N,a,n",o → 9,8,1
107r.14.1,"o,M,a,m","9,M,a,m",o → 9,8,1
3r.1.4,"cc,a,x","cc,a,Q",x → Q,8,1
17v.1.19,"cc,o,x","cc,o,Q",x → Q,8,1
24r.1.16,"8,a,x","8,a,Q",x → Q,8,1
79r.2.3,"4,o,N,a,x","4,o,N,a,Q",x → Q,8,1
106v.1.4,"cc,8,a,x","cc,8,a,Q",x → Q,8,1
112r.7.2,"a,x","a,Q",x → Q,8,1
16v.2.5,"2,a,m","8,a,m",2 → 8,7,4
39r.3.4,"2,a,m","8,a,m",2 → 8,7,4
55r.1.3,"2,a,m","8,a,m",2 → 8,7,4
81v.1.3,"2,a,m","8,a,m",2 → 8,7,4
76r.1.11,"a,Z","a,n",Z → n,7,4
104r.6.2,"a,Z","a,n",Z → n,7,4
108v.8.2,"a,Z","a,n",Z → n,7,4
111v.4.3,"a,Z","a,n",Z → n,7,4
58r.1.10,"a,Z","a,Q",Z → Q,7,3
58r.3.2,"a,Z","a,Q",Z → Q,7,3
85v.3.2,"a,Z","a,Q",Z → Q,7,3
93v.1.9,"2,a,Z","8,a,Z",2 → 8,7,2
102va.6.8,"2,a,Z","8,a,Z",2 → 8,7,2
88r.2.3,"o,Z","o,Q",Z → Q,7,2
88r.2.3,"o,Z","o,Q",Z → Q,7,2
80r.2.3,"4,o,N,a,Z","4,o,N,a,n",Z → n,7,2
85v.2.4,"4,o,N,a,Z","4,o,N,a,n",Z → n,7,2
10v.1.1,"2,a,n","8,a,n",2 → 8,7,1
14v.1.3,"N,9","8,9",N → 8,7,1
24v.1.4,"o,N,a,m","o,8,a,m",N → 8,7,1
35r.1.8,"N,a,m","8,a,m",N → 8,7,1
45r.2.3,"N,a,Z","8,a,Z",N → 8,7,1
55r.1.3,"cc,N,9","cc,8,9",N → 8,7,1
89ra.2.5,"cc,c,o,N,9","cc,c,o,8,9",N → 8,7,1
116r.6.8,"c^c,c,N,9","c^c,c,8,9",N → 8,7,1
75r.5.13,"o,M,a,Z","o,M,a,Q",Z → Q,7,1
86r.5.10,"9,M,a,i,Z","9,M,a,i,Q",Z → Q,7,1
76r.1.22,"o,N,a,Z","o,N,a,n",Z → n,7,1
104r.13.3,x,2,x → 2,6,3
108v.5.4,x,2,x → 2,6,3
111v.1.17,x,2,x → 2,6,3
40v.2.6,"o,N,a,x","o,N,a,n",x → n,6,2
75r.1.23,"4,o,N,a,x","4,o,N,a,n",x → n,6,2
82v.4.1,"4,o,N,a,x","4,o,N,a,n",x → n,6,2
116r.6.3,"o,N,a,x","o,N,a,n",x → n,6,2
7r.1.2,"8,cc,c,9","N,cc,c,9",8 → N,6,1
49v.3.7,8,N,8 → N,6,1
50r.1.8,"8,a,Z","N,a,Z",8 → N,6,1
89rb.2.3,"cc,c,o,8,9","cc,c,o,N,9",8 → N,6,1
107r.13.2,"4,o,8,a,m","4,o,N,a,m",8 → N,6,1
107v.12.3,"o,8,a,m","o,N,a,m",8 → N,6,1
20v.2.1,"c^c,o,x","c^c,o,2",x → 2,6,1
87r.2.5,"cc,c,o,x","cc,c,o,2",x → 2,6,1
107v.7.1,"o,M,a,x","o,M,a,2",x → 2,6,1
89ra.5.4,"8,a,x","8,a,n",x → n,6,1
100v.4.5,"2,a,x","2,a,n",x → n,6,1
34r.3.4,"a,Z","a,m+",Z → m+,5,4
85v.1.9,"a,Z","a,m+",Z → m+,5,4
115r.8.1,"a,Z","a,m+",Z → m+,5,4
116r.1.2,"a,Z","a,m+",Z → m+,5,4
83r.4.13,"x,N,c,8,9","x,cc,c,8,9",N → cc,5,2
108v.10.2,"x,N,c,8,9","x,cc,c,8,9",N → cc,5,2
8v.2.3,"c^c,o,x","N,o,x",c^c → N,5,2
38v.1.2,"c^c,c,9","N,c,9",c^c → N,5,2
58v.1.10,"c^c,c,9","N,c,9",c^c → N,5,2
105r.5.1,"c^c,o,x","N,o,x",c^c → N,5,2
31r.3.4,"o,N,c,8,9","9,N,c,8,9",o → $,5,2
78v.1.8,"o,N,c,8,9","8,N,c,8,9",o → $,5,2
99r.6.2,"c,N,c,o,x","o,N,c,o,x",$ → $,5,1
99r.8.4,"c,N,c,c,9","9,N,c,c,9",$ → $,5,1
99v.7.2,"o,N,a,x,a,m","o,N,o,x,a,m",$ → $,5,1
111r.5.3,"o,M,c,o,8,9","o,M,c,c,8,9",$ → $,5,1
111r.14.4,"4,o,N,c,o,x","4,o,N,c,c,x",$ → $,5,1
41r.2.2,"9,N,c,8,9","cc,N,c,8,9",$ → cc,5,1
52v.1.3,"o,o,Z","cc,o,Z",$ → cc,5,1
75r.5.6,"4,o,N,c,c,8,9","4,o,N,c,cc,8,9",$ → cc,5,1
85v.1.5,"x,o,x","cc,o,x",$ → cc,5,1
105r.2.4,"o,N,c,c,9","o,N,cc,c,9",$ → cc,5,1
14r.2.2,"2,o,8,9","cc,o,8,9",2 → cc,5,1
15v.1.10,"2,o,Z","cc,o,Z",2 → cc,5,1
27r.2.4,"2,9","cc,9",2 → cc,5,1
100r.1.1,"2,a,Z","cc,a,Z",2 → cc,5,1
102vb.3.5,"2,o,x","cc,o,x",2 → cc,5,1
24r.1.5,"c,M,c,9","c,M,c,c",9 → $,5,1
99r.10.2,"9,N,c,o,x","o,N,c,o,x",9 → $,5,1
99v.3.3,"o,M,9","o,M,o",9 → $,5,1
105v.10.2,"o,M,c,c,9","o,M,c,c,o",9 → $,5,1
111r.8.3,"4,o,N,c,c,9","4,o,N,c,c,o",9 → $,5,1
1r.3.4,"N,o,x","cc,o,x",N → cc,5,1
84v.2.13,"N,c,8,9","cc,c,8,9",N → cc,5,1
112r.3.4,"N,c,9","cc,c,9",N → cc,5,1
78v.2.11,"o,Z","o,m+",Z → m+,5,1
99v.8.6,"o,x,c^c,c,o,x","o,x,N,c,o,x",c^c → N,5,1
6v.1.4,"8,cc,9","8,c,9",cc → c,5,1
77r.3.1,"o,M,cc,8,9","o,M,c,8,9",cc → c,5,1
78r.2.13,"4,o,N,cc,8,9","4,o,N,c,8,9",cc → c,5,1
84r.7.7,"M,cc,8,9","M,c,8,9",cc → c,5,1
99v.3.2,"4,o,N,cc,o,x","4,o,N,c,o,x",cc → c,5,1
35v.1.3,"cc,o,M,9","cc,9,M,9",o → $,5,1
43r.3.3,"o,M,9","9,M,9",o → $,5,1
106r.15.4,"o,N,a,n","a,N,a,n",o → $,5,1
75v.4.3,"4,o,N,c,c,8","4,o,N,c,c,9",8 → 9,4,2
105r.2.2,"4,o,N,c,c,8","4,o,N,c,c,9",8 → 9,4,2
20r.2.3,"8,o,x","c^c,o,x",8 → c^c,4,2
93r.1.21,"8,o,x","c^c,o,x",8 → c^c,4,2
79v.6.3,"cc,x","o,x",cc → o,4,2
104r.2.1,"cc,x","o,x",cc → o,4,2
56r.1.3,"4,o,N,c,c,9","cc,o,N,c,c,9",4 → cc,4,1
104v.7.2,"4,o,8,a,m","cc,o,8,a,m",4 → cc,4,1
106v.4.2,"4,o,N,a,m","cc,o,N,a,m",4 → cc,4,1
108r.14.1,"4,o,N,c,c,8,9","cc,o,N,c,c,8,9",4 → cc,4,1
79r.4.2,"cc,c,8","cc,c,9",8 → 9,4,1
115v.4.1,"4,o,M,cc,c,8","4,o,M,cc,c,9",8 → 9,4,1
75r.3.17,"8,a,x","c^c,a,x",8 → c^c,4,1
107v.4.4,"8,a,m","c^c,a,m",8 → c^c,4,1
30r.1.1,8,o,8 → o,4,1
35v.1.7,"8,a,m","o,a,m",8 → o,4,1
106v.1.2,"c^c,c,8","c^c,c,o",8 → o,4,1
114r.3.2,"8,a,Z","o,a,Z",8 → o,4,1
1v.1.3,"c,N,c,9","c,N,c,o",9 → o,4,1
33v.1.2,"9,M,a,Q","o,M,a,Q",9 → o,4,1
44v.3.5,"c,M,c,9","c,M,c,o",9 → o,4,1
58v.1.1,"9,P2,a,x","o,P2,a,x",9 → o,4,1
50r.1.3,"N,cc,8,9","P2,cc,8,9",N → P2,4,1
66v.2.3,"N,o,8,9","P2,o,8,9",N → P2,4,1
76r.3.1,"o,N,a,Z","o,P2,a,Z",N → P2,4,1
107r.8.1,"cc,N,a,m","cc,P2,a,m",N → P2,4,1
2r.2.4,"c^c,a,i","8,a,i",c^c → 8,4,1
4v.1.3,"c^c,a,m","8,a,m",c^c → 8,4,1
24v.2.8,"c^c,o","8,o",c^c → 8,4,1
75r.1.25,"c^c,9","8,9",c^c → 8,4,1
28r.1.4,"cc,M,o,x","o,M,o,x",cc → $,4,1
83r.2.6,"4,o,N,cc,c,8,9","4,o,N,c,c,8,9",cc → $,4,1
99r.8.4,"cc,N,c,c,9","c,N,c,c,9",cc → $,4,1
111r.14.3,"4,o,N,c,cc,9","4,o,N,c,c,9",cc → $,4,1
43v.1.3,"cc,N,9","o,N,9",cc → o,4,1
111r.5.1,"cc,Z","o,Z",cc → o,4,1
8v.1.1,"2,o,x","c^c,o,x",2 → c^c,3,2
93v.1.4,"2,o,x","c^c,o,x",2 → c^c,3,2
80r.2.11,"M,c,o,x","c^c,c,o,x",M → c^c,3,2
93v.1.8,"M,c,o,x","c^c,c,o,x",M → c^c,3,2
47r.2.4,"2,9","c^c,9",2 → c^c,3,1
6v.2.2,"9,cc,o,2","9,cc,o,x",2 → x,3,1
88r.2.4,"cc,c,o,2","cc,c,o,x",2 → x,3,1
116r.7.13,"a,2","a,x",2 → x,3,1
10r.2.1,"8,9","cc,9",8 → cc,3,1
37v.2.2,"8,o,Z","cc,o,Z",8 → cc,3,1
58r.1.14,"8,a,x","cc,a,x",8 → cc,3,1
53v.1.7,"M,o,8,a,m","c^c,o,8,a,m",M → c^c,3,1
54v.1.12,"M,o,x","cc,o,x",M → cc,3,1
77r.2.5,"M,c,8,9","cc,c,8,9",M → cc,3,1
101v.5.4,"M,c,o,x","cc,c,o,x",M → cc,3,1
18r.2.3,"c^c,o,x,8,9","8,o,x,8,9",c^c → $,3,1
66v.1.2,"o,N,c^c,c,8,9","o,N,c,c,8,9",c^c → $,3,1
78r.2.8,"8,c^c,c,8,9","8,c,c,8,9",c^c → $,3,1
9r.1.5,"cc,o,Z","2,o,Z",cc → 2,3,1
36r.2.2,"cc,9","2,9",cc → 2,3,1
75r.3.18,"cc,a,Z","2,a,Z",cc → 2,3,1
28v.3.2,"cc,a,i","cc,a,n",i → n,3,1
42v.1.2,"8,a,i","8,a,n",i → n,3,1
116r.8.3,"o,M,a,i","o,M,a,n",i → n,3,1
32v.1.4,"o,Z","cc,Z",o → cc,3,1
84v.2.7,"o,N,c,c,8,9","cc,N,c,c,8,9",o → cc,3,1
104r.2.1,"o,x","cc,x",o → cc,3,1
42r.2.6,"c^c,o,x","c^c,o,M",x → M,3,1
83r.2.7,"x,cc,c,8,9","M,cc,c,8,9",x → M,3,1
106v.6.2,"o,x,a,m","o,M,a,m",x → M,3,1
79r.8.5,"x,8,9","o,8,9",x → o,3,1
107v.12.2,"x,N,a,n","o,N,a,n",x → o,3,1
113r.16.5,"x,N,c,c,c,9","o,N,c,c,c,9",x → o,3,1
75r.5.10,"2,o,N,c,c,8,9","4,o,N,c,c,8,9",2 → 4,2,2
83r.4.6,"2,o,N,c,c,8,9","4,o,N,c,c,8,9",2 → 4,2,2
39v.2.3,"a,2","a,n",2 → n,2,2
76r.3.2,"a,2","a,n",2 → n,2,2
55v.2.3,"o,Z,a,m","o,N,a,m",Z → N,2,2
107r.3.4,"o,Z,a,m","o,N,a,m",Z → N,2,2
8r.1.3,"c^c,9","2,9",c^c → 2,2,2
47v.1.5,"c^c,9","2,9",c^c → 2,2,2
75v.3.1,"8,c,8,9","N,c,8,9",$ → N,2,1
102va.6.8,"4,o,c,c,c,9","4,o,N,c,c,9",$ → N,2,1
111v.4.1,"M,a,x,o,x","M,a,Z,o,x",$ → Z,2,1
116r.2.2,"x,o,x","Z,o,x",$ → Z,2,1
3v.1.4,"cc,2","cc,9",2 → 9,2,1
13r.1.2,2,9,2 → 9,2,1
102va.4.5,"o,2","o,m",2 → m,2,1
104v.5.2,"a,2","a,m",2 → m,2,1
36r.1.3,"8,a,m","Q,a,m",8 → Q,2,1
87v.1.7,"4,o,N,c,o,8","4,o,N,c,o,Q",8 → Q,2,1
85r.4.3,"8,a,Q","x,a,Q",8 → x,2,1
114v.5.2,"4,o,N,o,8","4,o,N,o,x",8 → x,2,1
115r.5.2,"9,cc,c,c,o","Z,cc,c,c,o",9 → Z,2,1
116r.7.4,9,Z,9 → Z,2,1
80v.1.4,"4,o,N,a,?","4,o,N,a,n",? → n,2,1
103v.8.4,"o,M,a,?","o,M,a,n",? → n,2,1
35r.1.5,"M,cc,c,c,9","2,cc,c,c,9",M → 2,2,1
107r.14.3,"M,a,Z","2,a,Z",M → 2,2,1
75r.4.2,"M,cc,c,8,9","P2,cc,c,8,9",M → P2,2,1
75v.5.1,"o,M,a,x","o,P2,a,x",M → P2,2,1
42r.2.6,"c^c,o,M","c^c,o,x",M → x,2,1
85r.8.3,"o,M,a,Z","o,x,a,Z",M → x,2,1
32v.2.4,"c,P2,c,o,x","c,M,c,o,x",P2 → M,2,1
112v.1.1,"o,P2,a,x","o,M,a,x",P2 → M,2,1
6r.1.3,"8,a,Q","8,a,Z",Q → Z,2,1
46r.4.3,"4,o,N,a,Q","4,o,N,a,Z",Q → Z,2,1
79r.3.4,"4,o,N,a,Q","4,o,N,a,m",Q → m,2,1
90va.1.2,"2,a,Q","2,a,m",Q → m,2,1
24r.1.16,"8,a,Q","8,a,x",Q → x,2,1
53v.1.2,"c^c,o,Q","c^c,o,x",Q → x,2,1
76v.3.4,"a,Z","a,2",Z → 2,2,1
82r.4.13,"Z,a,n","2,a,n",Z → 2,2,1
30r.2.1,"Z,cc,c,9","8,cc,c,9",Z → 8,2,1
51v.1.7,"cc,o,Z","cc,o,8",Z → 8,2,1
35r.1.6,"cc,a,Z","cc,a,i",Z → i,2,1
80r.1.1,"o,N,a,Z","o,N,a,i",Z → i,2,1
45v.1.3,"4,o,M,a,x","4,o,M,o,x",a → $,2,1
102rb.4.4,"o,N,c,a,x","o,N,c,o,x",a → $,2,1
18v.1.4,"4,o,N,a,9","4,o,N,cc,9",a → cc,2,1
113r.2.3,"a,x","cc,x",a → cc,2,1
104r.1.3,"o,M,c,8,9","o,M,o,8,9",c → $,2,1
106r.8.1,"o,P2,cc,c,8,9","o,P2,cc,o,8,9",c → $,2,1
29r.2.1,"c^c,c,c,9","M,c,c,9",c^c → M,2,1
44v.1.1,"c^c,o,x","M,o,x",c^c → M,2,1
75r.3.3,"cc,c,9","4,c,9",cc → 4,2,1
82v.6.7,"cc,o,x","4,o,x",cc → 4,2,1
38v.1.6,"8,a,m","8,a,m+",m → m+,2,1
104r.1.4,"4,o,8,a,m","4,o,8,a,m+",m → m+,2,1
37v.2.2,"8,a,m+","8,a,m",m+ → m,2,1
104v.5.4,"4,o,N,a,m+","4,o,N,a,m",m+ → m,2,1
47r.2.5,"8,a,n","8,a,Q",n → Q,2,1
103r.18.2,"a,n","a,Q",n → Q,2,1
76v.3.7,"x,cc,c,8,9","8,cc,c,8,9",x → $,2,1
78v.1.17,"x,cc,8,9","8,cc,8,9",x → $,2,1
24r.1.12,"M,o,x","M,o,8",x → 8,2,1
31r.2.3,"cc,c,o,x","cc,c,o,8",x → 8,2,1
16r.3.4,"8,x","8,9",x → 9,2,1
107r.8.2,"x,N,a,m","9,N,a,m",x → 9,2,1
1r.4.6,"cc,o,x","cc,o,N",x → N,2,1
38r.1.1,"o,x,9","o,N,9",x → N,2,1
106r.3.1,"4,o,M,c,c,8,o","4,o,M,c,c,8,9",$ → 9,1,1
75r.5.8,"4,o,N,c,c,8,9","4,o,N,c,?,8,9",$ → ?,1,1
113v.3.2,"o,M,o,Z","o,M,a,Z",$ → a,1,1
85v.1.8,"9,N,cc,c,8,9","x,N,cc,c,8,9",$ → x,1,1
49v.3.6,2,<,2 → <,1,1
18v.1.2,2,Q,2 → Q,1,1
66v.2.1,"cc,o,2","cc,o,Z",2 → Z,1,1
89rb.2.3,2,a?,2 → a?,1,1
36r.2.2,2,o,2 → o,1,1
80v.2.3,"4,o,x","M,o,x",4 → M,1,1
16r.2.4,"8,a,m","2,a,m",8 → 2,1,1
81r.1.13,"cc,c,8,9","cc,c,M,9",8 → M,1,1
35r.1.8,"8,a,m","P2,a,m",8 → P2,1,1
84v.3.16,"c^c,c,9","c^c,c,2",9 → 2,1,1
7v.1.2,"c,M,c,9","c,M,c,8",9 → 8,1,1
45v.3.2,"2,9","2,a",9 → a,1,1
2v.1.2,"N,cc,9?","N,cc,9",9? → 9,1,1
55r.1.6,"N,c,?,9","N,c,8,9",? → 8,1,1
102rb.4.3,"o,N,?","o,N,9",? → 9,1,1
52r.1.1,"?,M,9","o,M,9",? → o,1,1
77r.2.4,"4,o,M,c,c,8,9","4,o,8,c,c,8,9",M → $,1,1
36v.1.4,"M,9","8,9",M → 8,1,1
116r.6.2,"o,M,c,9","o,M?,c,9",M → M?,1,1
115r.6.1,"4,o,M,cc,c,8,9","4,o,P1,cc,c,8,9",M → P1,1,1
112v.12.3,"o,M,9","o,Z,9",M → Z,1,1
106r.2.2,"x,N,c,o","x,c,c,o",N → $,1,1
103v.8.4,"N,a,n","2,a,n",N → 2,1,1
105r.5.4,"o,x,N,a,m","o,x,P1,a,m",N → P1,1,1
107r.9.2,"N,x","a,x",N → a,1,1
58v.1.13,"N,a,Z","c^c,a,Z",N → c^c,1,1
113v.7.3,"x,N,x","x,o,x",N → o,1,1
104v.10.1,"P1,cc,c,8,9","N,cc,c,8,9",P1 → N,1,1
105v.5.1,"o,P2,a,i,Z","o,Z,a,i,Z",P2 → $,1,1
10v.1.1,"P2,a,m","8,a,m",P2 → 8,1,1
114v.5.1,"4,o,P2,cc,c,8,9","4,o,N,cc,c,8,9",P2 → N,1,1
116r.6.10,"P2,c^c,c,8,9","x,c^c,c,8,9",P2 → x,1,1
89va.2.1,"8,a,Q","8,a,n",Q → n,1,1
46r.2.2,"Y,o,x","c^c,o,x",Y → c^c,1,1
89va.2.3,"cc,o,Z","cc,o,2?",Z → 2?,1,1
54r.2.6,"cc,o,Z","cc,o,?",Z → ?,1,1
82v.4.1,"Z,cc,c,8,9","P2,cc,c,8,9",Z → P2,1,1
113v.9.1,"a,Z","a,c^c",Z → c^c,1,1
85r.3.5,"a,x","8,x",a → 8,1,1
108v.1.2,a,Z,a → Z,1,1
2r.2.3,"2,a,m","2,â,m",a → â,1,1
43v.2.3,"cc,c,8,9","cc,o,8,9",c → o,1,1
66r.6.1,c^c,9,c^c → 9,1,1
43v.2.2,"cc,c,8,9","M,c,8,9",cc → M,1,1
30r.1.6,"cc,o","Z,o",cc → Z,1,1
25r.1.4,"cc,a,i","cc,a,m",i → m,1,1
58v.1.1,"9,P2,a,i","9,P2,a,x",i → x,1,1
85v.4.14,"o,N,a,m","o,N,a,i",m → i,1,1
38v.1.6,"8,a,m+","8,a,n",m+ → n,1,1
86r.3.3,"a,m+","a,x",m+ → x,1,1
55v.1.5,"9,N,a,n","9,N,a,i",n → i,1,1
107v.1.3,"a,n","a,m+",n → m+,1,1
100r.3.1,o,2,o → 2,1,1
107r.3.4,"cc,c,c,o","cc,c,c,?",o → ?,1,1
114r.9.2,"o,c,c,8,9","N,c,c,8,9",o → N,1,1
36r.2.2,o,Z,o → Z,1,1
112r.3.4,"cc,o,8,9","cc,c,8,9",o → c,1,1
84r.2.4,"o?,x","o,x",o? → o,1,1
40r.1.5,"x,o,N,a,Z","4,o,N,a,Z",x → 4,1,1
78r.3.16,"x,cc,c,8,9","P2,cc,c,8,9",x → P2,1,1
112r.1.8,x,a,x → a,1,1
115v.11.1,"x,8,a,Z","c^c,8,a,Z",x → c^c,1,1
6v.2.6,"x,a,Z","cc,a,Z",x → cc,1,1
111v.1.6,"a,x?","a,x",x? → x,1,1
