folio,side,par,line,,,,,,,,,,,,,,,,,,
103,R,7,1,"P2,o,x,cc,c,8,9","4,o,N,c,o,x","o,N,a,n","cc,c,c,M,c,9","o,M,c,c,9","x,c^c,c,8,9","o,N,a,n","4,o,N,a,n","4,o,N,a,x","c^c,c,8,9","o,M,c,9,2",,,,,,,
103,R,7,2,"o,N,a,m","cc,c,9","4,o,9","c^c,c,9","4,o,N,a,m","cc,c,8,9","4,o,N,a,n","o,M,c,o,x","x,N,a,Z","o,N,a,Z,a,x","o,N,a,Z,a,x","x,N,x,8,9","x,Z",,,,,
103,R,7,3,"9,cc,a,n","c^c,c,N,c,9","4,o,N,a,m","c^c,c,9","4,o,N,a,n","c^c,c,8,9","o,x,o,Z",,,,,,,,,,,
103,R,8,1,"P2,cc,c,a,Q","2,o,N,c,8,9","8,a,x,N,a,Z","o,M,a,x","4,o,N,a,x","cc,c,P2,9","o,N,c,8,9","4,o,N,9","P2,cc,c,8,9","o,N,a,x,9","4,o,N,c,c,8,9","x,o,Z",,,,,,
103,R,8,2,"8,a,x","c^c,9","o,N,a,n","c^c,c,N,c,o,8,9","c^c,8,a,x","4,o,N,c,c,8,9","c^c,c,8,9","4,o,M,a,Z","cc,c,M,c,9","cc,c,P2","a,Z","o,M,a,Z","o,P2,cc,9",,,,,
103,R,8,3,"8,a,m","c^c,c,c,N,c,9","x,cc,c,8,9","cc,c,N,c,9","c^c,o,x",,,,,,,,,,,,,
103,R,10,1,"4,o,N,c,cc,9","o,N,c,c,9","4,o,N,c,c,9","x,N,c,c,o","8,9","c^c,c,c,9","4,o,N,c,c,9",x,"N,c,o,x","M,cc,c,9","4,o,N,c,c,9","o,N,c,c,9","4,o,N,a,x,9",,,,,
103,R,10,2,"8,i,c^c,c,8,9","4,o,N,c,c,c,9","8,a,x,N,a,n","o,N,a,m","cc,c,8,9","4,o,N,c,c,9","o,M,a,n","a,n","o,x","cc,c,c,9",x,"N,c,c,8,9",,,,,,
103,R,10,3,"4,o,N,c,c,c,cc,9","c^c,o,N,c,c,9","4,o,cc,c,9","4,o,N,c,c,9","cc,a,x","cc,c,8,9",,,,,,,,,,,,
103,R,13,1,"4,o,N,c,c,a,Z","?,c,a,n","o,x,a,n","cc,c,9","N,a,n","c^c,c,o,x","c^c,c,8,a,n","4,o,N,c,c,8,9","9,N,c,c,8,9","x,cc,c,Q",,,,,,,,
103,R,13,2,"o,N,?,o,x","cc,c,8,9","o,N,c,c,8,9","4,o,N,c,c,8,9","4,o,N,c,c,9","c^c,8,9","o,M,c,9","4,o,N,c,c,9",,,,,,,,,,
103,V,2,1,"P2,cc,c,o,Z","o,x,N,c,c,9","cc,c,N,9","4,o,N,c^c,8,9","4,o,N,a,m","o,N,c,cc,8,9","4,o,P2,cc,8,9","4,o,M,c,8,9","4,o,N,a,n","o,x,9",,,,,,,,
103,V,2,2,"8,a,n","c^c,c,9","4,o,N,c,c,8,9","cc,c,o,x","4,o,c,c,o,Z","x,c^c,o,Z","4,o,N,9","c^c,c,8,9","4,o,N,a,m","cc,c,8,9","4,o,N,a,Q",,,,,,,
103,V,2,3,"2,a,n","c^c,c,9","o,x,c^c,c,c,9","8,a,i,Z","cc,c,N,a,a,x","o,N,c,c,9",,,,,,,,,,,,
103,V,4,1,"2,a,x","c^c,c,a,x","c^c,c,8,9","o,N,c,c,8,9","4,o,N,c,c,9","x,o,x","c^c,c,8,9","P2,cc,o,Z","P2,cc,c,8,9","P2,o,x","c^c,c,c,8,9","o,P2,a,x,a,Q",,,,,,
103,V,4,2,"8,a,n","c^c,c,c,9","o,x,c^c,9","o,M,c,9","o,x,c^c,c,8,9","4,o,M,c^c,8,9","o,N,c,c,9","x,Z","a,n","o,N,a,i","o,x,c^c,c,9",,,,,,,
103,V,6,1,"4,o,N,c,c,8,9","cc,c,8,9","4,o,M,c,c,9","o,M,c,c,8,9","x,N,c,8,9","c^c,c,8,9","4,o,N,a,x","o,x","c^c,a,Z","o,M,a,x","o,P2,cc,c,8,9",,,,,,,
103,V,6,2,"9,c^c,c,a,Z","a,x","o,4,o,m","cc,c,N,c,c,9","x,cc,c,8,9","cc,c,8,9","o,x,a,m","o,M,c,c,8,9","4,o,N,c,c,8,a,x","x,a,Z","o,Z","o,x",,,,,,
103,V,6,3,"8,a,m","cc,c,9","x,N,c,c,9","cc,a,x,N,a,Z","cc,c,c,c,9",x,"cc,c,o","x,a,n","o,Z",,,,,,,,,
104,R,2,1,"N,cc,8,a,x","4,o,M,a,m","4,o,c^c,c,8,9","o,x","cc,x","o,x","cc,c,8,a,c,P2,c,9","a,x","x,o,8","P2,cc,8,a,i,Z","o,P2,cc,8,9","4,o,8",,,,,,
104,R,2,2,"9,cc,c,c,o,8,9","a,m","x,N,a,Z","cc,c,c,o","8,a,n","o,c,N,c,c,8,9","4,o,N,c,c,8,9","4,o,N,a,n","o,M,cc,8,9","o,M,a,n","cc,c,8,a,Q",,,,,,,
104,R,2,3,"8,cc,o,8,c,c,2","c^c,c,o,2","o,8,a,m","o,M,cc,c,8,9","4,o,8,a,n","c^c,c,8,9","cc,c,8,9","4,o,8,a,n","o,N,a,Z","a,Z","o,N,a,i,Q",,,,,,,
104,R,2,4,"o,x,c^c,c,c,8,9","x,N,c,c,8,9","x,N,c,o,8,9","4,o,N,a,m","cc,c,8,a,x","4,o,N,a,Z","o,8,a,Z","4,o,N,a,x","o,N,a,Z","o,M,a,Z","?,8,Z",,,,,,,
104,R,2,5,"9,cc,c,c,o,9","4,o,N,c,cc,o","4,o,N,o,x","cc,c,c,o","8,a,Q",,,,,,,,,,,,,
104,R,5,1,"o,cc,c,o,c,M,c,c,9","4,o,c,M,c,c,o","8,9","9,N,c,c,o,8,c,9","4,o,c,P2,cc,9","o,P2,cc,c,9","4,o,M,9",c^c,"M,c,9","9,M,c,c,8,9","c^c,o,8,9",,,,,,,
104,R,5,2,"9,N,c,c,c^c,c,8,9","o,x,N,c,c,o,8,9","4,o,M,c,9","4,o,N,a,Z","cc,c,8,9","4,o,N,c,8,9","o,M,c,c,cc,9","cc,9,M,c,o,8,9","o,N,a,Z","o,8,9",,,,,,,,
104,R,5,3,"8,cc,c,c,o,N,c,o,8,9","4,o,N,a,n","4,o,x,a,Z","o,Z","cc,o,c,N,c,a,Z","o,M,a,x","N,c^c,c,8,9",,,,,,,,,,,
104,R,11,1,"P2,c^c,c,o,8,9","4,o,M,a,Z","cc,o,P2,a,Z","4,o,M,a,x,9","4,o,M,c^c,c,o,8","4,o,M,c,cc,9","N,a,m","o,N,a,Z","4,o,P2,cc,a,Z","o,P2,a,Q",,,,,,,,
104,R,11,2,"o,N,a,m","cc,c,o,8,a,x","4,o,a,m","o,N,a,Z","o,Z,a,m","o,N,a,Z","o,M,c,o,8,9","4,o,N,a,m","o,N,a,x","4,o,M,?,Z",,,,,,,,
104,R,11,3,"o,N,a,m","a,Z,cc,c,o,x","4,o,N,cc,o,x","N,cc,c,o,8,9","4,o,M,cc,8,9",,,,,,,,,,,,,
104,V,4,1,"P2,o,x,cc,c,cc,9","o,M,c,o,9","cc,o,M,cc,2","cc,c,c,M,a","o,M,c,c,c,9","o,M,c,c,8,9","4,o,M,9","cc,c,8",x,"cc,c,o,x","P2,a,Z","o,x,M,c,8,9","cc,c,8,a,Q",,,,,
104,V,4,2,"9,cc,c,o,x","cc,c,o,8,9","4,o,c,c,cc,8,9","4,o,N,c,o,x","4,o,M,a,m","cc,c,8,a,Z","cc,c,o","x,N,a,m","cc,c,c,M,a,Z","a,m","cc,a,M,a,m",,,,,,,
104,V,4,3,"9,M,cc,c,8,9","4,o,N,c,c,o","x,cc,c,o","x,c^c,c,8,9",2,"a,m","cc,c,N,9","8,a,n,8,x",,,,,,,,,,
105,R,3,1,"P2,8,a,Z",o,"c^c,c,8,9","o,M,cc,c,o,2","o,m+","a,x","M,cc,c,8,a,Z","cc,9","P2,cc,o,2","a,m","P2,o,x,a,m","P2,o,x,N,c,c,c,9","8,9,a,m",,,,,
105,R,3,2,9,"a,n,Z","9,M,c,c,o","8,9","4,o,c,c,o,8,9","4,o,c,c,8,9","N,cc,c,8,9","4,o,M,cc,8,9","o,M,cc,c,c,9","cc,c,9","M,c,c,a,Z","9,N,c,8,9","Z,9",,,,,
105,R,3,3,"8,9,M,c,c,9","4,o,N,8,9","cc,c,8,9","cc,c,8,9","8,a,x","4,o,N,c,8","c^c,c,8,9","4,o,M,c,o,8,9","cc,c,c,8,9","o,M",,,,,,,,
105,R,7,1,"P2,8,a,x","c^c,c,c,9","9,4,o,P2,cc,9","a,i,Z,a,x","c^c,c,c,9","P2,cc,8,9","4,o,P2,cc,8,9","Z,a,n,i,2","o,N,9","cc,8,c,8,9","4^o,8,c,c,8,9","4,o,M?,c,8,9",,,,,,
105,R,7,2,"8,a,i,Z","cc,o","a,x",Z,"x,a,x","cc,c,c,2,9","c,P2,c,c,8,9",,,,,,,,,,,
105,R,9,1,"M,o,8,c,c,9","x,cc,x","c^c,Y","a,Z","a,n,8,9","c,P2,c,c,c,2,9","o,N,a,x","x,N,c,8,9","x,N,a,Z","cc,c,8,9","4,o,N,a,m","o,Z","P1,cc,o,N?,9",,,,,
105,R,9,2,"9,cc,c,o","cc,9","x,N,c,o,x","8,a,m","9,N,a,i,Z","o,x,N,cc,c,9","8,a,Z","4,o,P2,cc,8,9","8,a,i,Z","o,M,a,Z","a,Z","a,8,a,Q",,,,,,
105,R,9,3,"o,N,c,c,o","8,a,i,Z","o,M,c,c,9","x,N,c,c,9","M,c,c,o,x","M,c,c,8,9","o,M","o,N,a,x","o,Z","a,m+","4,o,N,a,m","a,Z","a,i,Z,o,8",,,,,
105,R,9,4,"8,o,Z","a,i,x","cc,c,N,c,9","N,a,Z","o,8,a,m","9,N,x","a,x","o,c,c,2","a,x","a,Z","a,x,N,a,Q",,,,,,,
105,V,2,1,"P2,cc,c,8,a,x","4,o,P2,cc,8,9","8,a,m","cc,c,8,9","8,a,m","o,N,a,i,x,8,9","o,P2,cc,c,8,a,m","o?,P2,cc,c,o","o,x,N,c,c,8,9","2,a,i,Z,o,Q",,,,,,,,
105,V,2,2,"8,cc,c,o","P1,cc,c,c,o","8,9","c,N,c,c,c,9","8,a,Z","a,m","a,x","8,a,Z","a,Z","8,a,m,8,9","o,M,c,8,9","o,M,c,o,8,9","9,M,a,m",Q,,,,
105,V,2,3,"9,cc,c,c,o","x,N,a,m","o,M,a,i,Z","o,x","o,x,N,a,m","o,N,a,i,Z,o,8,9","x,cc,c,8,Z",,,,,,,,,,,
106,R,4,1,"P2,cc,c,8,a,m","cc,c,N,c,8,9","4,o,N,a,n,Z","o,x,P2,cc,c,8,9","x,o,Z,8","a,m+","N,a,i,x","o,8,a,Z","N,a,Z,8","cc,M,cc,9",,,,,,,,
106,R,4,2,"9,cc,c,c,9","N,a,Z","9,N,c,c,9","o,M,a,m","o,M,a,x","8,a,Z","cc,8,o,2","N,a,x,cc,c,8,9","o,P2,cc,8,9","8,a,m","o,Z,a,m",Z,,,,,,
106,R,4,3,"8,a,m","cc,c,c,9","8,a,x","cc,x","o,N,a,i,Z","a,m","c,P2,c,c,o,Z","a,m","o,N,a,x","cc,o,8,a,m","o,M,a,m","o,P2,a,n,Q",,,,,,
106,R,4,4,"o,x,Z","a,m","cc,c,9",x,"Z,a,m","x,N,x","8,x","x,N,x,o,Z","8,m+","o,x,N,a,m",,,,,,,,
106,R,6,1,"P2,o,Z,a,i,Z","cc,o,P2,cc,8,9","cc,c,8,a,n","o,M,a,i,Z","o,M,cc,o,8","a,m","a,x,o,x","cc,c,o","9,P2,cc,c,8,9","N,a,i,Z","o,8,x","x,P2,a,i,Q",,,,,,
106,R,6,2,"9,N,c,c,o","8,a,n,Q","c^c,c,c,9","4,o,N,a,m","cc,c,o,M","8,a,m","4,o,c,N","c,c,9,N,c,o,8,9","4,o,P2,a,m","o,Z","a,n,N,a,Q",,,,,,,
106,R,6,3,"8,a,m","cc,c,o,8,a,m","cc,c,8,a,x","a,i,Z","o,N,a,m","cc,c,c,9",,,,,,,,,,,,
106,V,10,1,"P2,o,a,Z","N,c,c,o","8,a,m","4,o,a,i,Z","a,Z","a,c?,P2,cc,c,9","4,o,c,c,8,c,o,8,9","4,o,N,a,m","4,o,M,c,8,a,i,2","a,P2,o","Z,a,i,Z","a,P2,9",,,,,,
106,V,10,2,"x,c^c,c,o,8,9","M,a,i,Z","o,M,c,c,9","o,M,c,c,o",o,x,"o,M,a,m","o,N,c,c,9","4,o,N,a,m","o,Z","a,n,Z","a,x","8,a,Z",,,,,
106,V,10,3,"c^c,c,c,o","8,a,m","cc,2,8","4,o,N,c,c,c,9","8,a,i,Z","o,N,a,m","o,M,a,m","cc,c,8,a,m","o,x,N,a,x","x,N,x","8,a,n",,,,,,,
106,V,10,4,"8,o,c,c","o,N,cc,c,c,o","x,M,a,i,?","o?,M,cc,c,c,8,9","cc,o,Z","a,m","o,8,a,m","cc,c,8,9","o,M,a,m","a,x","N,a,i,c^c,8",,,,,,,
106,V,10,5,"x,a,m","c^c,c,o,8","o,N,c,c,o,8,9","4,o,a,m","9,M,a,m","o,M,ai,Z","cc,8,a,x","8,9","8,a,i,Q","cc,8,a,m","o,c,N,cc,9",,,,,,,
106,V,10,6,"9,c^c,c,9","c,N,c,9","c^c,c,o","4,o,c,c,o","x,N,a,m","cc,2","o,N,o,x","M,cc,8,9","c^c,c,c,c,9","o,N,a,m","a,Z","a,i,x,8,9",,,,,,
106,V,10,7,"cc,c,o,8,9","o,a,n,Z","a,i?","o,N,c^c,c,9",,,,,,,,,,,,,,
106,R,6,1,"P2,o,8,a,Z,o,a,Z","o,M,c,c,o","x,cc,o,Z","c^c,o,x","M,cc,c,8,9","cc,o,M,a,Z","o,P2,cc,c,8,9","o,P2,cc,c,2","a,m","o,N,cc,8,a,Q",,,,,,,,
106,R,6,2,"2,a,n","o,n","o,N,a,n","a,m","a,Z,o,x","o,cc,c,c,8,9","x,N,c,c,c,o,8,9","8,a,m","cc,c,8,a,Z","o,N,o,x","o,M,a,Z","cc,8,a,Q",,,,,,
106,R,6,3,"9,o,cc,o,Z","x,c^c,c,8,9","4,o,c,N,c,c,9","4,o,N,c,8,a,n","o,Z","a,m","cc,o,8,a,Z",,,,,,,,,,,
106,R,10,1,"M,cc,c,o,N,9?","x,N,c^c,c,8,9","4,o,N,a,m","x,N,9","Z,a,m","cc,9","Z,o,8,9","cc,x,a,Z","cc,c,o,Z,P1,o,Z","cc,c,o,x,9",,,,,,,,
106,R,10,2,"o,N,a,m","o,x","x,cc,o","Z,cc,c,o?","Z,a,m","4,o,N,a,m","cc,c,9","cc,o,N,a,m","cc,c,a,Z","a,Z","o,x","Z,a,Z,a,x,cc,x",,,,,,
106,R,10,3,"2,a,m","cc,a,x","cc,x","o,x","o,N,a,x","9,N,a,x,a,m","o,N,a,n","4,o,N,a,n","a,Z","o,N,a,m","cc,o,Z","a,m,9",,,,,,
106,R,10,4,"9,cc,c,c,o","x,N,a,m","cc,o","Z,o,Z","c^c,c,o,x","N,a,n","c^c,o,Z","2,a,Z","a,n,2,9","c^c,c,o","a,x","N,a,i,Z","a,Q",,,,,
106,R,10,5,"9,c^c,a,Z","cc,N,a,Z","a,m,N,9","Z,a,x","cc,c,o,x","o,Z,a,m",,,,,,,,,,,,
106,R,14,1,"P2,c^c,o,8,a,m","o,P2,cc,9",c^c,o,"M,c,c,o,8,9","c^c,o,M,cc,c,9","9,M,c,c,9","c^c,o,","x,P1,a,n","o,P2,cc,8,9","x,cc,8,9","8,o,x",,,,,,
106,R,14,2,"9,cc,c,o","o,x","cc,c,c,c,9","o,x","a,m","cc,c,o,8,9","x,a,m+","cc,c,N,o,x","cc,c,c,9","o,N,cc,a,Z","a,m","a,x,o,a,x",,,,,,
106,R,14,3,"c^c,a,m","a,Z","a,m","c^c,c,c,9","x,N,a,m","c^c,c,c,8,9","c^c,c,8,9","4,o,N,a,x","cc,c,9","o,N,a,m","cc,8,a,x,8,9",,,,,,,
106,R,14,4,"8,a,i,Z","a,x,c^c,c,o,8","c^c,c,8,9","cc,o,x","cc,c,8,9","cc,c,o,x","c^c,o,Z,9",,,,,,,,,,,
106,V,1,1,"P1,c^c,c,8,a","x,o,a,n","o,P2,a,n,Z,a,x","o,M,c,o,8,a,m","cc,o,P2,cc,9","o,M,a,i,Z","N,a,Z","a,x","a,x,o,Z","a,m","a,x,9","N,a,Z",,,,,,
106,V,1,2,"8,a,m","a,x","c^c,c,c,o,8,a,Z",9,"cc,M,a,n","cc,a,Z","o,M,o,Z","4,o,N,a,Z","o,N,a,Z","c^c,c,8","c^c,c,o","N,co,",Z,"a,n","a,Q","cc,9",,
106,V,1,3,"9,c^c,c,8,a,m","c^c,c,N,c,9","cc,co,N,cc,9","2,a,Z","a,x","cc,o,x","cc,c,8,9","9,M,a,n","o,M,a,Z","a,x","cc,8,9","8,a,x,9","x,o,8,9",,,,,
106,V,1,4,"9,cc,co,M,o","x,c^c,c,o","a,m","cc,c,M,c,9","o,N,a,n","cc,8,a,x","cc,8,a,Q","cc,a,Z","a,Q",,,,,,,,,
106,V,11,1,"P2,cc,o,8,a,m","N,cc,c,c,o,Z","a,x","N,9","c^c,c,M,c,9","o,M,o,2","a,Z","o,8,a,x","P2,cc,c,o,8,9","4,o,M,a,m","o,M,o,Z","a,x,o,8,a,Q",,,,,,
106,V,11,2,"c^c,o,8,9","c^c,o,c,N,c,9","4,o,N,c,c,9","4,o,N,cc,o",x,"N,cc,c,8,9","c^c,8,9","N,cc,c,8,9","cc,c,8,9","4,o,c,N,c,c,9","o,N,a,m","a,x",,,,,,
106,V,11,3,"2,o,x","c^c,c,c,8,9","4,o,N,a,m","cc,o,x,N,a,m",,,,,,,,,,,,,,
107,R,2,1,"M,c,c,o,8,9","cc,c,8,a,n","4,o,M,c,c,9","4,o,N,a,Z","8,c,c,o","x,M,c,8,9","o,M,a,Z","a,n","cc,a,8,9","o,M,o,N,cc,o","4,o,N,c,8","o,N,cc,c,8,9",,,,,,
107,R,2,2,"o,x,N,cc,c,8,9","M,c,8,9","o,M,c,c,c,9","o,N,cc,c,8,9","4,o,N,c,c,8","4,o,N,c,a,Z","cc,c,8,9","cc,o,N,cc,c,8,9","4,o,N,a,n","a,Z",,,,,,,,
107,R,2,3,"o,N,cc,c,c,9","4,o,N,c,c,8,9","cc,o,M,cc,c,8,9","8,a,m","a,Z","o,M,c,c,9","x,M,c,c,9","cc,c,8,a,m","o,N,c,c,c,9","o,M,a,m","a,Q",,,,,,,
107,R,2,4,"9,M,a,m","cc,c,o,M,cc,c,9","o,N,a,m","cc,c,N,c,9","o,N,c,c,8,9","o,M,cc,c,c,9",,,,,,,,,,,,
107,R,4,1,"P2,o,x,cc,x,2","a,m","c^c,c,N,9","4,o,N,a,m","o,P2,cc,a,x","c^c,c,8,9","P2,c^c,c,8,a,m","o,M,o","8,a,x","c^c,c,8,9","o,M,a,Z,a,x",,,,,,,
107,R,4,2,"c,M,c,c,8,9","x,c^c,c,8,9","cc,c,o,x","cc,c,a,Z","a,Z","a,x,a,Q","cc,M,a,m","o,M,a,Z","a,n","cc,c,9","4,o,N,a,m","o,M,a,n",,,,,,
107,R,4,3,"9,cc,a,x","o,m","cc,c,9","4,o,c,N,c,a,x","c^c,a,x","o,M,a,Z","a,m","c^c,c,N,9","o,N,c,c,c,9","Z,a,m","a,i,Z,a,x",,,,,,,
107,R,8,1,"P2,a,x","a,x","cc,N,9","o,N,i,x","cc,c,o,x","N,a,i,Z","x,N,a,n","4,o,N,c,c,o","N,a,i,Z","8,a,Z","a,m","P2,cc,o,x","x,N,a,m+","o,x,P1,2",,,,
107,R,8,2,"9,cc,c,a,n","cc,a,x","N,a,x","cc,c,8,9","4,o,N,a,m","cc,o,8,9","4,o,N,cc,8,9","4,o,N,a,x","cc,a,Z","cc,8,a,x,a,x","o,Q",,,,,,,
107,R,8,3,"o,x,cc,c,o,Z","c^c,c,9","cc,c,c,9","o,x,cc,c,o,x","N,a,m","o,M,a,i,Z","o,N,a,x","cc,c,o","8,9",,,,,,,,,
107,R,10,1,"P2,a,i,Z","a,n,?,N,c,c,8,9","c^c,a,x,N,a,m","N,a,i,Z,9","o,N,a,Z","a,x","4,o,N,a,m","o,P2,a,i,cc,9","o,P2,a,x","Z,a,Z,9","N,9",,,,,,,
107,R,10,2,"8,a,m","c^c,c,o,x","cc,8,9","o,N,a,m","c^c,c,9,N,a,x","c^c,9","N,x","a,x","N,a,x","cc,8,9","Z,a,m","cc,a,n","9,o,x,2",,,,,
107,R,10,3,"2,a,x,Y,a,Z","c^c,9","4,o,N,a,m","o,N,a,x","4,o,c,N,c,c,8,9","o,N,Z","a,m","o,M,a,Z","4,o,c,M,c,9","Z,o,x,N,9",,,,,,,,
107,R,10,4,"9,a,m","cc,c,N,a,n","cc,c,o","N,a,m","cc,c,9","4,o,x","N,a,m+","cc,N,9",x,"cc,c,c,x","x,N,a,Z","o,N,a,x",,,,,,
107,R,12,1,"P2,o,a,Z,a,x","o,Z,a,Z","o,P1,cc,c,9","4,o,M,c,c,8,9","4,o,M,a,m","o,P2,cc,c,8,9","4,o,N,cc,c,9","o,M,x","cc,8,a,n","a,x,9",,,,,,,,
107,R,12,2,"M,a,i,Z","cc,c,o,x","cc,c,o,x","N,cc,c,N,a,n","cc,c,c,a,Z","o,x","o,m","cc,o","x,N,a,n","a,x","o,c,c,8,9","cc,c,9",,,,,,
107,R,12,3,"x,o,x,N,a,m","cc,c,9","4,o,N,a,m","cc,a,x","a,m","o,N,a,m","o,x,N,a,Z","o,M,a,i,Z","o,N,a,x","o,N,a,x",,,,,,,,
107,R,12,4,"4,o,N,a,n","a,Z","o,c,N,c,c,9","4,o,N,a,x","o,M,a,x","o,M,a,Q",,,,,,,,,,,,
107,V,2,1,"M,o,x","c^c,c,o","c,N,c,c,8,9","4,o,M,o,x","cc,8,o,Z","o,M,c,cc,8,9","M,c,o,x","M,c,8,a,m","o,P2,cc,c,8,9","4,o,P2,cc,8,9","9,M,a,Z","a,m,Q",,,,,,
107,V,2,2,"P2,a,m","o,N,a,m","4,o,N,a,i,9","o,x,N,c,c,8,9","4,o,N,c,c,9","4,o,M,a,m","o,N,9","x,N,a,x","o,N,a,m","a,m","4,o,N,a,x","8,9",,,,,,
107,V,2,3,"M,a,m","cc,c,o","c,N,c,9","cc,a,n","4,o,N,a,n",,,,,,,,,,,,,
107,V,6,1,"P2,a,x,a,Z","o,Z","a,i,Z","N,a,x,N,a,x","o,N,a,m","cc,P2,a,x","cc,c,o,8,9","4,o,P2,cc,c,8,9","P2,cc,o,x,N,a,x","o,P2,a,x","N,a,Q",,,,,,,
107,V,6,2,"M,a,m","o,x","N,a,m","cc,o,x","N,cc,c,8,9","4,o,N,o,x","a,n","a,i,Z","N,a,m","o,N,a,x","o,M,a,Z","o,M,a,x","a,x",,,,,
107,V,6,3,"8,a,Z","a,x,o,x","o,x,a,m","o,x,N,a,x","cc,o,x","cc,8,a,Z",,,,,,,,,,,,
107,V,8,1,"N,a,o,x,N,a,Z","N,o,x,N,a,Z","o,N,c,o,x","4,o,N,c,o,Z","a,x","M,o,8,9","o,P2,cc,c,9","o,M,9","a,x","N,9","P2,cc,c,9","Z,a,Q",,,,,,
107,V,8,2,"o,Z,a,m","c^c,c,o,Z","4,o,N,a,n","cc,c,o,8,9","4,o,N,a,n","o,M,a,x","o,M,a,m",o,"x,N,c,c,o",Z,a,Z,"a,x","o,x,8,9",,,,
107,V,8,3,"8,a,x","o,N,a,n","o,N,cc,c,9","4,o,N,c^c,9","o,N,o,x","x,N,c^c,c,8,9","M,a,Z,a,m","c^c,o","4,o,N,a,Z","cc,c,c,9","4,o,N,a,Q",,,,,,,
107,V,8,4,"9,cc,c,o,Z","cc,c,o,x",x,"cc,c,c,8,9","Z,a,Z,a,m",,,,,,,,,,,,,
107,V,12,1,"P2,o,Z,a,m","o,N,a,x","cc,c,8,9","4,o,x,N,c,c,9","x,P2,cc,c,c,8,9","4,o,N,o,x","Z,o,x","N,c,c,8,9","o,N,a,m","o,M,a,Z,9",,,,,,,,
107,V,12,2,"8,a,n","o,N,cc,c,9","4,o,N,cc,c,9","4,o,N,a,m","o,x,N,c,c,9","4,o,N,o,x","o,M,c,c,9","o,M,c,c,9","x,N,a,m",,,,,,,,,
107,V,12,3,"o,N,a,n","cc,c,o,Z","o,x,N,a,m","o,a,n","cc,c,a,Z,9","Z,a,m","o,N,o,m","o,8,a,m","o,N,a,m",9,,,,,,,,
107,V,12,4,"cc,o,N,c,c,9","4,o,N,c,9","4,o,N,a,m","x,o,Z","o,m","a,n,x,9",,,,,,,,,,,,
108,R,1,1,"M,c,o,8,c,c,a,Z","4,o,P2,cc,c,M,9","o,N,c,c,o,x,9","o,N,cc,8,P2,cc,9","M,o,8,a,c^c,Y","o,P2,a,2","9,o","x,P2,a,i,Z","a,8,9","o,M,c,8,9","N,c,8,9,8,9",,,,,,,
108,R,1,2,"4,o,N,c,c,8,9","cc,o,N,c,8,9","cc,o,c,N,c,c,8","4,o,N,c,o,Z","c^c,c,8,9","o,M,a,x","o,M,a,m","o,M,c,8,9","4,o,N,c,cc,9","o,P1,cc,8,9","4,o,8,9",,,,,,,
108,R,1,3,"cc,c,o,8,cc,9","4,o,M,c,a,Z","o,N,c,8,9","o,M,c,a,x","x,N,c,8,a,x","o,N,c,8,9","o,M,c,8,9","o,N,c,8,a,x","cc,c,N,c,c,8,9","cc,o,N,c,8","a,x",,,,,,,
108,R,1,4,"9,cc,c,8,a,m","c^c,N,9","cc,8,9","o,M,c,c,o,8,9","cc,c,8","o,Z","c^c,c,c,N,9",,,,,,,,,,,
108,R,2,1,"M,cc,o,N,c,8,9","cc,c,9","o,M,c,c,9","o,N,c,c,9","x,N,c,8,c^c,c,8,9","o,N,cc,c,c,P1",9,"P2,cc,o,P1,a,Z","cc,c,o","P2,cc,c,8,9","4,o,M,c,8,9","o,M,o,x",,,,,,
108,R,2,2,"o,x","cc,c,o,x","4,o","4,o,N,c,c,9","4,o,N,c,c,9","4,o,N,c,c,8,9","c^c,c,o,N,9","o,M,c,8,9","4,o,M,c,9","4,o,N,cc,c,9","cc,8,a,Z","a,m",9,,,,,
108,R,2,3,"o,N,c,c,c,9","o,N,c,8,9","4,o,N,cc,c,8,9","cc,c,8,9","4,o,N,c,8,9","o,N,a,Z","cc,8,9","o,N,a,Z","cc,a,Z","cc,N,a,m","cc,2,9",,,,,,,
108,R,4,1,"M,c,o,8,c,c,9","a,Z","a,m","o,N,c,c,9","4,c,M,cc,8,9","o,M,c,c,o,8,9","o,N,a,m","9,N,c,c,o","8,a,n","o,M<a,x","a,m","o,x,9",,,,,,
108,R,4,2,"M,c^c,c,9","o,N,cc,c,9","8,a,n","a,x,a,m",o,"cc,c,c,9","4,o,N,a,m","cc,x,a,Q","o,N,a,m","o,N,a,x","N,a,n","a,x,o,Q",,,,,,
108,R,4,3,"9,N,c,c,9","Z,a,m","a,Z","a,i,x",o,"8,a,m",,,,,,,,,,,,
108,R,5,1,"P2,o,x,cc,a,x","c^c,o,x","4,o,N,a,Z","c^c,c,8,9","P2,cc,o,x,9","4,o,N,a,x","o,P2,cc,8,9","o,P1,a,x","c^c,o,Z","4,o,N,a,m","o,M,a,x,o,8",,,,,,,
108,R,5,2,"o,Z,a,n","cc,c,c,9","cc,c,9","4,o,N,c,c,9","cc,c,8,9","o,N,cc,c,8,9","4,o,c,c,8,9","4,o,c,N,c,c,9","8,?,Z","a,n","o,N,a,n",,,,,,,
108,R,5,3,"2,o,?,M,c,9","o,x,N,a,m","cc,c,N,c,9","8,a,m","8,a,x","8,a,m",,,,,,,,,,,,
108,R,6,1,"P1,cc,c,o,N,a,i,Z","o,N,c,8,a,m","cc,c,8,9","4,o,N,c,c,8","o,N,a,n","cc,8,9","x,a,m","o,P1,a,Z","cc,c,8,9","M,c,8,a,Q",,,,,,,,
108,R,6,2,"o,N,c,c,8,9","x,N,a,x","8,a,m","9,N,cc,c,8,9","4,o,N,o,x","cc,c,8,9","4,o,N,c,8,9","x,N,c,8,9","o,N,a,x",o,x,"cc,8,x",9,,,,,
108,R,6,3,"8,cc,c,8,9","o,N,c,c,8,a,Z","c^c,cc,9","o,N,o,x","N,c,8,9","o,N,c,c,8,9","cc,a,x","Z,a,m","o,M,c,8,9","cc,M,a,x","o,Q",,,,,,,
108,R,6,4,"8,a,n","cc,c,9","4,o,N,c,c,8,9","cc,o,x","cc,c,c,9","8,a,x,N,a,Z","o,N,c,8,9",,,,,,,,,,,
108,R,8,1,"P1,o,x,a,m","c^c,N,c,9","4,o,N,a,x","x,N,c,8,9","4,o,M,c,8,9","4,o,N,c,8","4,o,M,c,8,9","o,N,a,x","cc,8,a,Z","a,x","cc,a,Z","a,m",,,,,,
108,R,8,2,"9,cc,c,c,o,Z","a,m","o,N,c,c,9","cc,c,o,x","cc,c,8,9","o,P2,cc,2,8","o,P2,cc,c,8,9","a,x,N,c,8,9","a,x","x,N,c,a,Q","o,x","Z,a,n","a,x",,,,,
108,R,8,3,"8,a,i,Z","o,N,a,x","cc,c,8,9","4,o,N,c,c,8,9","o,M,c,o,Z","a,x","4,o,N,c,8,9","4,o,N,c,8,9","o,M,a,m","o,M,c,8,a,Z","cc,a,x","N,c,c,8,9",,,,,,
108,R,8,4,"9,cc,c,8,a,n","o,Z","cc,c,o,Z,9","4,o,a,m","o,N,c,c,9","4,o,N,c,c,8","cc,8,a,x","o,N,c,8,9","4,o,N,c,8,9","o,N,c,8,a,Q","cc,8,9",,,,,,,
108,R,8,5,"2,a,n","a,Z","o,x,N,c,c,9","4,o,a,x","o,x,N,c,8,9","o,N,a,m",,,,,,,,,,,,
108,R,9,1,"P2,o,x,cc,c,8,9","o,N,c,8,9","4,o,P2,cc,c,8,9","o,N,c,o,x,N,c,9","M,c,c,8,9","4,o,M,a,m","o,M,c,8,9","o,N,c,c,8,9","o,M,c,8,a,Q",,,,,,,,,
108,R,9,2,"9,N,c,a,x","cc,c,8,a,x","cc,o,N,c,8,9",o,"4,o,N,c,8,9","o,N,cc,c,8,9","2,a,m","a,x,N,a,i",,,,,,,,,,
108,R,11,1,"P2,9,cc,a,Z,9","o,P2,cc,c,9","x,N,c,o,x","cc,8,a,Z","c^c,c,8,9","4,o,P1,cc,8,9","o,P2,a,x,a,x","cc,c,c,8,9","4,o,N,a,x","cc,8,9","o,P2,cc,8,9",,,,,,,
108,R,11,2,"o,N,c,cc,9","o,N,c,o,x","o,N,c,c,8,9","cc,c,c,8,a,Z","o,N,c,8,9","4,o,M,a,x","cc,8,9","cc,c,8,a,x","cc,c,8,9",,,,,,,,,
108,R,13,1,"P2,o,Z,o",x,"M,c,8,o","x,cc,8,a,n","4,o,N,o,Z","o,M,c,8,9","o,M,a",Z,"a,Z",9,"M,9","c^c,o","4,o,M,c,8,9","o,M,c,c,8,9","o,N,c,8,9",,,
108,R,13,2,"o,N,o,Z","a,m","o,N,c,c,8,9","4,o,N,c,c,8,9","o,N,c,c,o,Q","cc,c,9","N,c,c,c,8","cc,o,x","4,c,N,c,c,9","o,Z","a,m","cc,c,N,c,o,Q",,,,,,
108,R,14,1,"c^c,c,c,8,a,n","4,o,N,c,c,8,9","cc,o,N,c,c,8,9","4,o,M,c,o,8,9","N,c,c,c^c,o","8,a,m","cc,c,8,9","N,c,c,8,a,x","a,Z","N,c,o","8,N,9",,,,,,,
108,R,14,2,"o,N,c,c,9","4,o,N,c,c,9","4,o,N,c,c,8,9","4,o,N,c,c,9","cc,c,8,a,x","cc,c,8,9","4,o,N,c,c,9","o,N,c,c,8,a,n","o,M,a,n",o,"o,x","a,x,2",,,,,,
108,R,14,3,"o,x,N,c,c,9","o,N,c,9",x,"o,N,c,c,9","4,o,N,c,8,9","o,x","N,c,cc,9","cc,c,8","a,Z","o,x,a,x","o,c,8,9","4,c,N,c,9","cc?,c,a,Q",,,,,
108,R,14,4,"9,cc,c,9","cc,c,9","o,N,a,Z","cc,a,Z,a,Q","o,M,a,Q","cc,c,o,8,9",,,,,,,,,,,,
108,R,15,1,"8,a,n","c^c,c,c,N,c,9","o,N,c,c,9","N,c,c,9",x,"cc,c,8,9","o,N,c,c,9","4,o,N,c,8,9","cc,c,8,9","8,a,x,N,c,8,9","4,o,N,c,8,9","8,a,x",,,,,,
108,R,15,2,"9,M,c,c,8,9","4,o,N,c,c,8,9","4,o,N,c,9","o,M,c,8,9","o,N,c,8,9","4,o,N,a,m","cc,c,o","8,a,Z","cc,c,c,9","4,o,N,c,8,9","a,x",,,,,,,
108,R,15,3,"9,cc,c,8","cc,o","c,N,c,c,9","8,a,n","c^c,c,o,x","o,N,c,8,9","x,N,cc,8,9","o,M,c,c,8,9","4,o,N,c,c,8,9","cc,c,8","a,x","N,c,a,Q",,,,,,
108,V,2,1,"P2,o,x,a,m","o,N,c,8,a,n","o,N,a,x","o,M,cc,c,8,9","4,o,N,c,c,8,9","Z,a,Z,a,m",o,"N,c,c,8,9","4,o,N,a,Z","4,o,N,a,x","8,a,Q",,,,,,,
108,V,2,2,"o,c,c,c,8,a,n","cc,c,9","x,o,N,c,c,9","x,cc,c,8,9","x,o,c,M,9","4,o,N,c,c,8,9","4,o,N,c,c,9","4,o,N,a,Z","o,N,c,c,8,9","N,c,8,a,Z,Y,9",,,,,,,,
108,V,6,1,"P2,o,x,N,c,c,8,a,x","c^c,c,o","N,cc,c,9","x,o,M,c,8,a,m","o,M,c,8,9","o,P2,cc,c,8,a,m","o,M,c^c,c,8,9","4,o,M,c,9",Z,"a,m","o,x",,,,,,,
108,V,6,2,"8,a,m","c^c,o,x","o,x,N,c,c,c,8","x,N,9","cc,c,8,a,Z","cc,c,9","N,c,cc,c,9","4,o,M,c,8,9","o,M,c,8,9","o,M,c,c,8,a,n","cc,c,o,8,9","x,x,o,8",,,,,,
108,V,6,3,"8,a,m","c^c,c,9","c^c,c,c,9","8,a,n","o,x,2,a,Z","c^c,c,c,o",x,"N,a,n","c^c,c,9","cc,c,c,c,8?,a,m","o,x,o,?,c,c,8,9","o,M,a,m","a,x",,,,,
108,V,8,1,"2,a,i,Z","o,N,c,a,m","cc,c,o,x","c^c,c,8,9","4,o,N,c,c,c,9","8,x?,a,m","a,Z","o,Z","x,N,a,Z","cc,a,Z","a,m","o,N,a,x","x,8,9,Z","x,Z",,,,
108,V,8,2,"2,a,x","x,cc,c,a,x","x,N,c,c,c,9","o,N,a,z","a,Z","a,n","o,x,cc,c,c,c,2","o,x","cc,c,a,x","o,N,a,m","9,N,a,Z","a,x","o,N,a,x,a,Q",,,,,
108,V,8,3,"P2,a,Z,o,Z","a,m","c^c,c,8,9","4,o,N,c,9","4,o,x","c,c,c,2","a,m","x,a,x","x,N,c,c,c,8,9","o,M,a,n","c^c,c,c,9","cc,o,x","M,a,i","a,x",,,,
108,V,8,4,"8,a,Z","cc,c,9",o,"cc,c,o,x","cc,c,8,c,c,9","4,o,N,c,c,8,9","cc,c,a,Q",,,,,,,,,,,
108,V,15,1,"8,a,i,2","a,x","cc,c,c,M,c,9","4,o,x","c,c,c,8,9","cc,c,N,c,c,9","o,x,cc,c,9","c^c,c,9","4,o,N,c,c,c,9","4,o,N,c,c,8,a,Z","a,x","N,c,c,8,9",,,,,,
108,V,15,2,"2,a,m","o,N,a,n","cc,c,c,9","x,N,a,m","cc,c,a,x","cc,c,o,x","N,c,c,a,Z","4,o,N,c,c,8,9","4,o,N,c,c,9","cc,c,o,N,c,c,8,9","4,o,N,a,x","o,a,Q",,,,,,
111,R,14,1,"2,a,m","cc,c,N,c,c,8,9","o,N,a,n","o,M,c,an","c^c,o,N","4,o,N,c,cc,8,9","o,N,c,cc,c,8,9","cc,c,8,9","4,o,N,c,c,9","cc,c,a,Q","a,Q",,,,,,,
111,R,14,2,"2,a,m","a,x","N,c,c,9","o,N,c,8,a,n","o,M,c,8,9","4,o,N,c,o","N,c,8,9","4,o,N,c,c,8,9","o,M,c,c,o,x,N,c,c,9","o,N,c,c,o",x,"x,a,n","a,x",,,,,
111,R,14,3,"9,cc,c,c,9","Z,a,m","cc,c,o,8,9","4,o,N,c,cc,9","4,o,N,c,c,9","o,N,c,8,9","x,cc,c,8,9","4,o,N,c,c,a,x","8,a,m","o,M,a,Z","a,x",,,,,,,
111,R,14,4,"4,o,N,c,o",x,"4,o,N,c,c,x","4,o,N,c,c,o,x","cc,o","x,N,c,8,9",x,"cc,c,8,9","cc,c,8,9","cc,c,8,9","M,c,o,N,a,n","cc,c,8,9","x,N,a,Q","a,Q",,,,
111,R,14,5,"o,N,c,c,8,9","x,N,c,c,8,9","x,N,c,8,a,Z","o,M?,c,c,8,9","cc,c,8,9",,,,,,,,,,,,,
111,R,16,1,"P2,o,c,o,N,c,c,9","x,N,c,c,8,9","M,c,8,a,n","c^c,c,c,M,c,9","4,o,N,c,c,8,9","cc,c,N,c,9","x,P1,cc,9","cc,c,a,x","cc,c,P2,cc,a,Q","8,a,i,Q",,,,,,,,
111,R,16,2,"8,cc,c,c,9","N,c,c,c,9","4,o","c,N,c,c,9","4,o,N,c,c,9","x,cc,c,8,9","N,c,c,o,Z","o,N,c,c,9","x,N,c,c,8,9","x,N,c,c,9","4,o,N,a,m","o,x",,,,,,
111,R,16,3,"o,N,c,c,9",x,"cc,c,8,9","cc,c,c,N,a,n","4,o,N,c,c,o,N,a,n","cc,c,N,c,9","cc,c,a,x","N,c,i,x","4,o,N,a,n","cc,c,N,c,a,x","x,N,a,x",,,,,,,
111,V,2,1,"8,a,m","cc,c,9","cc,o,N,c,8,a,i,Z","a,i,Z","a,x",o,"x,c^c,c,8,9","4,o,M,c,8,9","4,o,N,c,8,a,Z","o,M,c,c,8,9","o,N,c,8,9","cc,c,8,9","x,N,a,Q",,,,,
111,V,2,2,"4,o,N,c,c,8",o,"a,m","o,M,c,8,9","4,o,N,c,8,9","cc,c,8,9","4,o,N,c,c,9","4,o,N,c,c,8,9","4,o,N,c,o,x","c^c,c,8,9","4,o,M,c,8,a,x","x,o,x",,,,,,
111,V,4,1,"c^c,o","o,M,cc,c,9","cc,c,o,x","N,c,cc,9","cc,c,M,c,c,9","o,N,a,n","o,x",x,"N,c,c,9","4,o,N,a,n","cc,c,c,N,c,9","cc,c,8,a,Z","a,Q",,,,,
111,V,4,2,"x,c^c,c,9","c^c,c,8,a,x","o,N,c,a,Z",x,"N,c,8,9","cc,c,o,x","N,c,c,9","x,N,c,9","o,N,c,c,9","4,o,N,c,c,9","4,o,N,c,9","4,o,N,a,n","a,Q",,,,,
111,V,8,1,"M,a,i,2","c^c,c,8,9","4,o,c,c,8,a,m","o,N,a,n","c^c,?,c,9","N,a,m","c^c,c,9","o,M,a,n","a,x,N,a,n",o,x,Z,"o,x","8,a,n",,,,
111,V,8,2,"4,o,N,a,m","cc,c,a,x","M,a,n","4,o,N,a,n","c^c,c,9","4,o,N,a,n","cc,a,Z","c^c,c,M,c,c,9","4,o,N,9","cc,9","4,o,N,a,m",,,,,,,
111,V,12,1,"P2,a,x,N,m","cc,c,o,P2,a,m","o,M,a,n","c^c,c,8,9","P2,cc,c,8,9","o,P2,cc,c,c,8,9","4,o,N,a,n","cc,c,P1,c,c,9","o,M,cc,c,9","x,x,8,9",,,,,,,,
111,V,12,2,"c^c,o,N,a,Z","o,N,c,o,N,a,n","c^c,c,c,N,a,n","4,o,N,a,n","cc,c,?,cc,c,9","4,o,N,c,c,9","4,c,M,a,n","o,M,a,n","a,Z","x,N,a,n","x,N,9",,,,,,,
111,V,14,1,"M,a,Z","cc,c,9","M,a,n","cc,N,a,2","a,x,N,a,Z","cc,c,9","4,o,x","cc,c,8,9","o,N,a,n","cc,c,9",x,"cc,c,c,9","cc,a,Z","a,?",,,,
111,V,14,2,"9,c^c,c,a,x","4?,o,a,i,2","a,n","o,N,a,n","c^c,a,n,9","4,o,N,a,i","cc,a,i","a,Q?,a,i","cc,c,a,x","cc,a,Z",,,,,,,,
111,V,18,1,"P2,o,x,x,a,m","o,N,a,n","c^c,c,a,x","P2,cc,c,8,a,n","oP2,cc,c,9","P2,o,x,c^c,9","o,N,c^c,c,9","o,P2,cc,c,8,9","4,o,P2,cc,a,i,2","a,x,N,9",,,,,,,,
111,V,18,2,"2,o,x","cc,c,9","x,N,c,c,9","Z,o,x,N,c,c,9","cc,c,N,c,9","o,N,c,c,c,9","x,cc,c,8,9","x,N,c,a,n","cc,c,c,M,c,9","4,o,M,a,n","a,x,9",,,,,,,
111,V,18,3,"2,a,n","cc,c,c,9","4,o,N,c,c,9","cc,c,9","M,a,n","o,x,a,n","o,N,c,c,c,8,9","cc,c,N,a,n","cc,c,N,c,c,9","x,cc,a,Z",,,,,,,,
112,R,2,1,"o,M,a,i,Z","o,N,o,8,9","o,M,o,8,9","o,M,a,x","o,N,c,c,c,9","o,M,a,Z","a,Q","o,a,n","o,9",,,,,,,,,
112,R,2,2,"cc,c,8,a,x","o,M,c,c,8,9","o,N,c,c,9","4,o,N,c,c,8,9","o,x,N,c,c,8,9","o,M,c,c,9","o,Z,a,Q",,,,,,,,,,,
112,R,2,3,"M,a,m","o,x,N,c,c,8,9","4,o,M,c,o",x,"a,c,c,9","N,c,c,9","4,o,N,c,c,9","o,M,c,c,8,9","2,a,Q",,,,,,,,,
112,R,2,4,"2,a,i,Z","o,Z","c,M,c,c,8,9","cc,o,x","4,o,M,cc,c,8,9","8,o,8,9","4,o,N,c,c,c,9","8,a,n,?","a,Q",,,,,,,,,
112,R,2,5,"2,a,m","o,x","o,N,c,c,9","4,o,N,c,c,9",o,"cc,c,8,9","M,c,c,8,9","4,o,N,cc,9","4,o,N,a,Z",9?,,,,,,,,
112,R,2,6,"8,a,i,Z","a,x","cc,c,8,9","4,o,8,a,n","8,a,Q",,,,,,,,,,,,,
112,R,4,1,"P2,o,a,Z","a,x,cc,a,Z",o,"c,M,c,9","o,M,c,8,9","4,o,N,c,c,8,9","o,N,c,8,9","P2,cc,c,8,9","o,P2,a,Q,8,9",,,,,,,,,
112,R,4,2,"2,o,x,o,x","c^c,c,2?,8,9","c^c,o,x","4,o,N,c,c,9","4,o,N,c,c,c,9","4,o,N,c,8,a,n","o,M,a,n","o,Z","a,?,cc,Q",,,,,,,,,
112,R,4,3,"4,o,c,c,c,a,Z","8?,c,c","o,x,N,c,c,a,Z","cc,c,c,9","4,o,Z","cc,c,o",Z,"a,x","cc,c,c,9","4,o,N,c,9","M,c,c,9","a,Q",,,,,,
112,R,4,4,"2,a,m","a,x","N,c,9","cc,c,9","8,a,x,c?,8","a,m","o,N,a,x","cc,o,8,9","cc,c,8,9","cc,a,Q",,,,,,,,
112,R,6,1,"4,o,a,n","4,o,m","o,x,cc,c,c,8,9","8,a,i,Z,i,9","M,c,c,8,9","4,o,P2,o,x","cc,8,9","o,M,c,o,Z","o,c,M,c,8,9","o,M,9,cc,c,9",,,,,,,,
112,R,6,2,"cc,c,c,M,c,c,9","4,o,N,c,c,c,9","x,N,c,c,9","o,N,c,c,8,9,N,c,9","x,N,c,8,9","4,o,N,c,8,9","o,M,c,8,9","o,M,c,8,9","x,o",,,,,,,,,
112,R,6,3,"M,c,8,a,n","c^c,c,8,9","o,cc,o,Z","o,N,cc,8","9,N,c,8,9","N,c,8,9","cc,o,Z","a,m","cc,c,c,M,9","cc,c,M,c,9","o,N,c,9",,,,,,,
112,R,6,4,"M,o,c,N,c,9","cc,c,8,9","cc,c,8,a,Q",,,,,,,,,,,,,,,
112,R,8,1,"P2,a,i,Z,a,x","N,c,o,x,o,Z","o,N,a,m","o,M,a,n","o,M,c,c,9","x,cc,c,8,9","o,N,c,c,o,Z","o,M,c,a,Z","N,a,Z,a,n,9",,,,,,,,,
112,R,8,2,"2,o,Z","a,Z","a,x","a,Z",2,"a,x,N,c,c,o,Z","o,x","c^c,c,8,9","o,N,c,c,cc,9","4,o,m+","o,M,c,c,9","cc,c,8","a,x","a,Q",,,,
112,R,8,3,"2,a,Z,o,x","o,N,cc,c,c,9","c,P2,c,c,8,9","c^c,c,N,c,c,9","o,N,c,c,o,Z","cc,c,8,9","c^c,8,a,x",,,,,,,,,,,
112,R,12,1,"P2,o,x,a,Z","c^c,c,8,9","4,o,N,a,m",9,"o,N,c,c,8,9","4,o,N,a,x","cc,o,8,9","o,M,c,o,8,9","a,Z,a,Z","9,M,c,o,P2",,,,,,,,
112,R,12,2,"9,M,c,c,o",Z,"a,m","o,N,a,Z","o,P2,o,Z","a,m","9,cc,c,c,8,9","4,c,c,8,a,Z","9,M,c,c,c,9","c^c,c,o,Z","o,M,c,c,c,9",,,,,,,
112,R,12,3,"2,a,Z","a,n","4,o,N,o,c,N,c,c,c,9","9,N","o,N,o,c,c,cc,c,9","o,N,c,c,c,8,9","a,x,a,i,Z","a,N,cc,c,c,9","a,Z","a,Z,o,8,9",,,,,,,,
112,R,12,4,"9,a,Z","a,m",o,"N,c,c,c,9","M,c,c,9","c^c,N,a,Z","o,M,c,c,c,8,9","4,o,N,c,c,9","o,N,c,c,9","o,N,a,?,?,","?,?","9,N,9",,,,,,
112,V,2,1,"P2,c,c,a,N,c,c,9","o,c,c,c,N,9","4,o,M,c,c,8,9","o,c,c,2","a,m","o,M,c,o,Z","o,P2,cc,8,a,Z","o,P2,a,Z,9",,,,,,,,,,
112,V,2,2,"o,cc,c,o,Z","o,N,a,Z","a,m+","o,M,a,m","o,N,a,x","o,N,a,Z","o,M,a,x","N,c,8,9","cc,c,N,a,m+",,,,,,,,,
112,V,2,3,"2,o,a,m","a,Z","?,?","o,N,a,m","o,M,a,m","cc,c,c,N,a,n","o,N,cc,c,8,9","4,o,N,cc,8,9",,,,,,,,,,
112,V,2,4,"8,a,n","c^c,c,c,9","o,M,cc,c,8,9","o,Z,o,Z",,,,,,,,,,,,,,
112,V,4,1,"P2,cc,o,8,a,n","o,N,c,c,8,9","4,o,N,c,c,8,9","o,x,N,c,c,8,9","4,o,N,a,n","c^c,c,c,9","4,o,N,c,8,a,Z","a,m","a,Q",,,,,,,,,
112,V,4,2,"2,a,n,Z","o,N,c,c,9","c^c,c,c,9","4,o,M,c,c,8,9","4,o,N,c,9","cc,c,8,9","4,o,N,c,c,9","4,o,N,c,c,9","cc,8,a,x,9",,,,,,,,,
112,V,4,3,"8,a,m","cc,c,a,Z","cc,c,c,8,9","cc,9,N,c,c,8,9","cc,8,a,m","cc,c,c,8,9","4,o,N,a,n","o,M,a,x,8,a,x",,,,,,,,,,
112,V,4,4,"2,a,m","o,Z","a,m","cc,c,9","4,o,N,c,c,8,9","4,o,N,c,c,c,9","4,o,N,c,c,o,8,9","4,o,M,a,Q","o,x,a,m","a,Q",,,,,,,,
112,V,4,5,"2,a,Z,a,n","a,n","a,x","4,o,c,c,c,9","4,o,M,c,o","o,Z","a,m+","o,x","cc,a,x,o,z",,,,,,,,,
112,V,6,1,"9,cc,c,o,x","N,c,c,a,Z","o,x,N,c,c,c,9","cc,c,8,a,n","o,x","cc,c,c,8,a,m","c^c,c,c,8,9","4,o,N,c,c,8,9","4,o,M,a,n",,,,,,,,,
112,V,6,2,"2,o,m","a,Z","o,N,a,n","o,M,cc,c,8,9","4,o,N,c,c,8,9","c,c,c,8,a,8","c,N,c,c,8,9","cc,c,c,8,a,m","cc,c,8?,9",,,,,,,,,
112,V,6,3,"P2,cc,8,a,m","c^c,c,8,9","o,M,a,m","cc,c,c,8,9","4,o,N,c,c,c,9","x,N,c,c,c,8,9","cc,c,c,9","x,o,Z","c,c,c,8,9","4,o,N,c,c,9",,,,,,,,
112,V,6,4,"9,cc,c,8,a,x","cc,c,o,N,c,c,9","cc,c,?,N,c,9","cc,c,c,o,x","4,o,N,c,c,8,9","4,o,M,c,a,2,a,Q","cc,o,2",,,,,,,,,,,
112,V,8,1,"P2,o,x,o,Z","c^c,c,c,8,9","o,N,c,c,8,c,9","2,a,x","a,m","c^c,c,c,8,a,Z","o,N,c,8,9","4,o,P2,cc,c,8,9","8,a,x,N,c,8,9","o,P2,cc,8,9",,,,,,,,
112,V,8,2,"M,a,Z","a,m","o,N,c,c,a,Z","o,M,c,o,8,9","a,Z,a,Z",,,,,,,,,,,,,
113,R,1,1,"P2,cc,c,2,P1?,cc,9","9,P2,cc,c,c,8,9","P1,cc,8,9","cc,c,M,a,Z","4,o,P2,cc,c,8,a,m","o,M,c,c,9","o,M,9","x,N,cc,9","cc,o,8,a,n","a,x,a,Z","cc,c,8,9",,,,,,,
113,R,1,2,"8,a,Z","o,N,c,c,8,9","o,M,c,c,o,8,9","4,o,N,c,8,9","o,M,cc,c,cc,9","o,N,c,o,Z,x","a,x","N,c,c,o,2","cc,c,8","a,x","a,Z","cc,c,N,c,c,9","9,N,a,x,a,i,Z,o,x",,,,,
113,R,1,3,"c^c,c,c,2",o,"a,x","cc,2","a,m","o,M,c,c,o,2,9",,,,,,,,,,,,
113,R,3,1,"P2,cc,o,2,o,2","cc,c,o","a,Z","N,c,c,o,x?","4,o,N,c,c,9","x,N,cc,c,9","4,o,N,a,Z","cc,o,2","c^c,c,9","4,o,P2,cc,9","Z,cc,2,9","cc,9,N,c,o,Z","o,M,a,x",,,,,
113,R,3,2,"8,cc,o,2","a,m","o,M,c,c,9","4,o,N,a,m","cc,o","o,N,a,m","cc,c,o","8,a,m","a,N,9","x,c","cc,o,8,9","cc,o,M,a,m",,,,,,
113,R,5,1,"P2,o,x,cc,o,Z","cc,c,o,8,9","4,o,M,c,8,9","x,N,c,cc,c,2",x,"N,c,c,o,x","x,N,cc,c,o,x","x,N,cc,c,8,9","N,o,M,cc,9","x,P2,cc,c,8,9","4,o,P2,cc,c,8,9","Z,o",,,,,,
113,R,5,2,"9,cc,c,o","x,N,cc,c,o",x,"cc,o,x","o,m+","4,o,N,c^c,c,o,9","4,o,N,cc,c,o,8,9","x,cc,c,o",x,"N,cc,c,8,9","cc,o,N,cc,9","o,N,cc,8,a,Z","a,x",,,,,
113,R,5,3,"cc,o,x","cc,Z",2,"a,m","cc,a,m+",,,,,,,,,,,,,
113,R,7,1,"N,c^c,o","Z,a,m","4,o,N,c,c,o","a,Z","c^c,o,M,c,o,x","x,N,x","cc,c,o,x","4,o,N,a,Z","cc,8,a,n","c,P2,c,o","?,M,c,9","cc,o,Z","a,m","c,N,c,9,8,9",,,,
113,R,7,2,"o,n,Z","c^c,o,x","c^c,c,8,a,i,Z","o,M,cc,8,9","c^c,o,N,cc,9","c^c,a,m","c^c,c,N,c,c,9","x,c^c,o,Z","a,i,Z","o,N,c,o,8,9",,,,,,,,
113,R,11,1,"P2,a,x,c^c,2,a,Z","x,c^c,8,a,m","o,M,c^c,2,a,m","c^c,o,c,P1,c,9","4,o,P2,cc,c,a,Z","c^c,N,a,i,Z","4,o,P2,cc,8,9","4,o,M,c,c,8,9","Z,cc,c,8,9","x,8,9",,,,,,,,
113,R,11,2,"9,c^c",2,"c^c,c,c,o",x,"N,c,c,o,2","a,m","4,o,N,c,c,c,2","o,N,cc,c,8,9","4,o,M,a,m","o,M,a,Z","o,N,a,Z","o,c,N,c,9","Z,cc,c,8,9","4,o,2,a,n",,,,
113,R,11,3,"8,cc,c,c,9","c^c,c,o,8,9","c^c,c,8,a,n",,,,,,,,,,,,,,,
113,V,4,1,"P2,o,x,a,m","o,M,c,o,x","o,M,c,8,9,a,Z","a,Z","a,x","N,c,8,9","4,o,N,c,c,8,9","o,x,a,Z","a,m","N,cc,c,9","8,a,x","o,M,o,Z","a,Z","o,P2,cc,c,9","Z,o",,,
113,V,4,2,"o,Z,c^c,c,o,Z","o,M,c,c,o","cc,c,c,9","o,x,N,c,c,9","o,M,a,x","cc,o,M,a,i,Z","o,M,a,Z","4,o,M,a,Z","o,N,a,Z","o,N,o","x,N,c,8,a,x","Z,a,Q",,,,,,
113,V,4,3,"2,o,x,cc,c,8,9","o,M,c^c,c,o,8,9","a,Z,x","o,x,cc,c,9","o,Z,o,Z",,,,,,,,,,,,,
113,V,6,1,"P2,9,cc,8,a,Z","cc,c,N,c,c,8,9","o,M,c^c,c,8,9","M,cc,c,c,P2,cc,c,9","x,N,9","x,N,cc,c,2","4,o,N,o,8,9","x,N,c,c^c,8,9","P1,cc,o","c,M,c,a,Z","o,P2,a,Q",,,,,,,
113,V,6,2,"8,a,m","4,o,N,c,c,o,8,9","4,o,N,a,Z","o,N,a,m","4,o,N,a,m","o,N,a,Z","cc,c,c,M,c,9","o,N,a,x","cc,c,8","x,cc,a,x","4,c,N,c,a,Q",,,,,,,
113,V,6,3,"x,N,a,m","cc,c,N,c,c,9","cc,o,8,9","o,M,cc,a,Z","a,Z","o,M,a,Z,9","o,x,a,m",,,,,,,,,,,
113,V,10,1,"P2,a,x,2,a,i,2,9","o,N,c,o","4,o,N,c,c,8,9","4,o,N,a,m","o,N,a,x","4,o,P1,cc,c,o,x","4,o,N,a,m","o,P2,a,x,o,Z","x,N,cc,","o,P1,cc,Z",,,,,,,,
113,V,10,2,"8,a,m","cc,c,a,m","o,N,cc,c,9","cc,c,N,9","4,o,N,a,n","o,M,c,cc,c,c,8,9","4,o,N,a,m","cc,c,N,c,c,9","cc,c,o",Z,"a,Q",,,,,,,
113,V,10,3,"4,o,N,a,m","a,i,Z","x,o,Z","cc,c,8,9","o,M,a,n",,,,,,,,,,,,,
114,R,6,1,"P2,a,i,2,o,8,9","c^c,c,8,a,Z","4,o,P2,cc,8,9","8,cc,c,8,9","8,o,x","4,o,P2,cc,c,8,9","8,a,m","o,P2,cc,c,8,a,m","cc,o,8,a,m","o,P2,a,i,Z","8,a,Z","o,M,9",,,,,,
114,R,6,2,"2,a,i,Z","cc,c,8,a,m","8,a,x,cc,8,9","8,a,n,8,9","o,x,cc,c,8,9","cc,c,8,o,m","o,M,c,c,8,9","4,o,M,c,8","a,m","o,M,a,Z","o,M,c,8,9","8,o","Z,o,x",,,,,
114,R,6,3,"x,cc,c,c,9","x,cc,c,8,o","x,cc,c,o","8,N,a,i,Z",,,,,,,,,,,,,,
114,R,10,1,"M,cc,c,o,8,a,m","cc,a,m","4,o,N,a,m","o,M,a,m","o,M,a,x,N,a,n","o,M,cc,c,8,a,n","4,o,M,cc,o","cc,8,9","8,a,i,Z","4,o,M,a,Z",,,,,,,,
114,R,10,2,"8,a,m","o,M,c,c,8,a,m","Z,a,m","9,M,c,c,9","a,m","a,x","o,8,a,m","cc,c,8,a,x","o,8,a,n,2","a,m","cc,c,o","8,a,x","cc,c,8,9",,,,,
114,R,10,3,"9,M,a,n","o,x,N,a,m","9,N,a,Z","cc,8,a,Z","a,x,N,a,Q",,,,,,,,,,,,,
114,V,1,1,"P2,cc,8,o,x","8,a,Z","cc,c,8,a,n","cc,o,8,a,x,Z","P1,cc,c,c,9","8,cc,c,8,9","4,o,c,P2,c,8,9","o,M,8,a,8,9","4,o,M,c,8,a,Z","8,a,m",,,,,,,,
114,V,1,2,"8,c^c,c,8,a,x","4,o,M,c,o,8,9","cc,o,8,8,9","o,M,o,x","cc,c,8,a,x","o,M,a,n","cc,c,8,o,x","cc,c,8,a,n","c^c,c,8,9","4,o,M,cc,c,8","8,x",,,,,,,
114,V,1,3,"o,c,o,2","4,o,M,cc,c,o","o,8,a,n","4,o,M,a,n","o,M,a,Z","4,o,M,cc,8","8,o,x","4,o,M,cc,c,8,9","cc,o,M,9","o,x","x,cc,8,a,n","8,a,x",,,,,,
114,V,1,4,"4,o,N,c,8,9","cc,c,o","c,M,c,c,8,9","4,o,M,c,8","4,o,M,c,8,o,x","cc,c,8,a,Z","4,o,M,c,8,9","o,N,c,c,8,9","8,a,m","cc,c,8,a,n","o,N,9",,,,,,,
114,V,1,5,"cc,c,8,9","4,o,N,c,c,8,9","o,N,a,x,9","cc,c,c,8,a,n","c^c,c,8,9",,,,,,,,,,,,,
114,V,3,1,"P2,cc,c,8,cc,8,9","4,o,M,c,c,8,9","4,o,N,c,8,a,n","cc,8,a,m","4,o,N,c,8,9","cc,c,8,a,n","4,o,c,c,8,9","4,o,M,c,9","4,o,M,a,m",,,,,,,,,
114,V,3,2,"2,o,c,2",a,"c,c,o,2","a,m","o,x,N,c,c,9","o,x,N,c,c,9","N,c,o,x","4,o,M,cc,c,c,8,9","4,o,c,N,c,c,8","2,N,a,m","c^c,c,c,8,9","4,o,M,a,x","cc,c,8,9",,,,,
114,V,3,3,"o,x,N,c,c,2","cc,c,8,a,m","4,o,M,a,m","o,x","cc,c,8,a,m","cc,c,8,a,n","8,a,n","cc,c,M,c,8,9",,,,,,,,,,
114,V,7,1,"M,c^c,c,8,a,n","4,o,M,cc,o,8,9","4,o,N,o,x","c^c,c,8,9","4,o,N,cc,c,8,9","8,a,m","4,o,P1,cc,8,a,Z","cc,8,o,Z","cc,8,9","8,a,Z,9",,,,,,,,
114,V,7,2,"8,a,i,Z","cc,c,c,o","cc,9","cc,8,a,m","4,o,N,c,8,9","o,M,cc,c,o","8,a,m","4,o,N,cc,8,9","o,M,c,8,a,x","8,a,n","a,Z,a,x",,,,,,,
114,V,7,3,"9,cc,c,8,a,Z","c^c,o,8","4,o,N,a,m","4,o,M,cc,c,9","cc,o,c,N,c,9","o,x,N,c,8,9","o,M,c,cc,9","9,N,c,8,c,N,c,9",,,,,,,,,,
114,V,9,1,"P2,cc,c,o,8,a,x","cc,c,o,P2,cc,c,o,8","4,o,M,o,2","a,Z,a,m","4,o,M,a,x","cc,c,o","P2,cc,8,a,x","4,o,c,c,8,9","cc,c,M,c,c,9",,,,,,,,,
114,V,9,2,o,"c^c,c,c,o",x,"N,cc,c,?","o,N,c,c,9","4,o,M,c,o,Z","cc,o,N,a,m","cc,8,9","4,o,N,a,m","cc,o,N,c,c,9","M,a,n","a,Z,9",,,,,,
114,V,9,3,"M,cc,c,8,9","c^c,8,o","4,o,M,cc,c,8","cc,c,c,2","a,Z","a,m","cc,c,M,a,Q",,,,,,,,,,,
114,V,11,1,"N,a,m","c^c,c,c,9","o,a,m","c^c,c,o,x","4,o,M,c,c,9","4,o,N,c,c,c,8,9","cc,c,o","c,M,c,c,c,9","4,o,N,c,c,o","x,N,c,a,x,9",,,,,,,,
114,V,11,2,"o,x,N,c,c,cc,9","o,x","o,a,m","a,m","cc,o,c,M,c,c,9","4,o,M,c,8,a,x","o,c,M,c,9","2,o,M,c,9","cc,c,o,2","a,i,Z",,,,,,,,
114,V,11,3,"9,c^c,c,9","N,a,i,Z","9,M,c,c,c,9","4,o,N,a,m","cc,c,N,c,9","cc,o,8,a,m","o,x,N,a,n,Q",,,,,,,,,,,
115,V,8,1,"P2,cc,c,o","cc,c,c,o,8,9","4,o,M,c,c,o,M,cc,9","2,o,n","o,P2,cc,c,c,2","cc,P2,cc,c,o,8","Z,cc,x","cc,o","P2,cc,8,9","4,o,P2,cc,a,Q",,,,,,,,
115,V,8,2,"9,N,c,c,2","a,m","o,x,N,c,c,o,8,9","4,o,2","a,n","cc,c,o,8,a,n","cc,c,M,c,9","M,cc,c,8,9","4,o,N,c,c,8,9","x,N,c,c,8,a,2?",,,,,,,,
115,V,8,3,"8,cc,c,c,8,9","N,cc,c,8,9","x,cc,c,c,9","Z,o,Z","a,x","cc,o,N,c,8,9","8,o,x","4,o,N,c,c,c,o,2","4,o,x,N,c,c,8,9","4,o,N,a,Z","o,Z",,,,,,,
115,V,8,4,"o,x,a,n","cc,c,o","x,N,a,n","cc,c,c,9","4,o,M","cc,c,o,8,9","x,o",Z,"a,m","o,M,c,c,8","cc,N,a,x","N,cc,c,M,a,Q",,,,,,
115,V,8,5,"9,cc,c,9","x,cc,o",x,"o,Z","cc,c,8,9","cc,o,x","cc,c,8,9","cc,8,9",,,,,,,,,,
115,V,10,1,"P2,cc,8,a,i,Z","o,P2,cc,c,8,9","4,o,P2,o,Z","n,Z,cc,a,x","c^c,c,c,9","4,o,M,a,n","cc,c,M,9","Z,o,8,a,n","o,P2,cc,c,P2,9","c^c,o,N,cc,9",,,,,,,,
115,V,10,2,"9,N,cc,c,8,9","o,N,a,Z","cc,c,8,a,Z","Z,o,x,c^c,c,c,8,9","x,N,cc,8,9","cc,8,8,9","cc,c,M,c,c,8,9","cc,c,c,9","M,c,c,o","8,a,m",,,,,,,,
115,V,10,3,"9,cc,c,8,a,x","4,o,M,cc,9","cc,c,M,c,9","c,8,a,x","x,cc,c,8,9",,,,,,,,,,,,,
116,R,1,1,"N,cc,8,P2,9","c^c,c,9","4,o,N,a,n","o,M,a,x","c^c,c,8,9","4,o,M,c,c,9","c^c,c,a,Z","a,n","o,Z","x,x,o,Z,9","c^c,c,a,Z","a,Q,o,Q",,,,,,
116,R,1,2,"o,a,n","cc,c,c?,Z","a,n","o,N,c,c,9","o,N,c,c,9","c^c,9","x,a,Z","a,Z","a,m+","o,N,9","cc,a,Z","a,2","o,N,a,n","9,N,a,?,a,Q",,,,
116,R,1,3,"8,a,n","cc,x","x,c^c,c,9","c,M,c,9","x,c^c,c,8,9","o,M,c,o,Z","c^c,c,9","4,o","2,a,x,9",,,,,,,,,
116,R,3,1,"P2,cc,o,x","cc,8,9","M,c,o,8,9","o,M,c,9","4,o","4,o,N,a,n","4,o,M,c,c,9","M,o,N,a,n","o,M,c,8,9","M,o,M,o,x","Z,o,M,9,8,9",,,,,,,
116,R,3,2,"8,a,Z","9,M,c,c,8,9","cc,c,8,9","4,o,N,c,c,9","4,o,N,a,n","4,o,M,o,8,9","o,M,c,c,8,a,Z","o,M,c,8,9","x,8,9","x,cc,c,8,9",,,,,,,,
116,R,3,3,"4,o,N,c,c,9","x,cc,c,9","4,o,N,c,c,8,9","4,o,N,a,n","o,N,c,c,9","x,N,a,n",,,,,,,,,,,,